,KODE_KEL_DESA,KODE_KECAMATAN,KODE_KAB_KOTA,KODE_PROVINSI,Tidak Sekolah,Sekolah,Universitas
29844,36.73.03.1016,36.73.03,36.73,36,1015.0,2357.0,80.0
29845,36.04.11.2004,36.04.11,36.04,36,1254.0,2993.0,43.0
29846,36.01.09.2007,36.01.09,36.01,36,1056.0,2404.0,124.0
29847,36.01.09.2008,36.01.09,36.01,36,698.0,1372.0,94.0
29848,36.01.22.2004,36.01.22,36.01,36,609.0,1032.0,24.0
29849,36.01.01.2005,36.01.01,36.01,36,664.0,1574.0,52.0
29850,36.01.12.2003,36.01.12,36.01,36,726.0,1575.0,67.0
29851,36.01.01.2002,36.01.01,36.01,36,1259.0,2882.0,108.0
29852,36.01.01.2003,36.01.01,36.01,36,925.0,2329.0,30.0
29853,36.01.01.2007,36.01.01,36.01,36,1301.0,2676.0,37.0
29854,36.01.02.2001,36.01.02,36.01,36,1027.0,2317.0,46.0
29855,36.01.02.2003,36.01.02,36.01,36,349.0,1065.0,36.0
29856,36.01.02.2004,36.01.02,36.01,36,912.0,2314.0,23.0
29857,36.01.02.2005,36.01.02,36.01,36,1080.0,2491.0,105.0
29858,36.01.02.2006,36.01.02,36.01,36,1528.0,3318.0,158.0
29859,36.01.02.2007,36.01.02,36.01,36,791.0,1992.0,26.0
29860,36.01.02.2010,36.01.02,36.01,36,930.0,2334.0,45.0
29861,36.01.03.2007,36.01.03,36.01,36,667.0,972.0,6.0
29862,36.01.10.2007,36.01.10,36.01,36,930.0,2369.0,44.0
29863,36.01.03.2008,36.01.03,36.01,36,973.0,1885.0,29.0
29864,36.01.03.2009,36.01.03,36.01,36,1979.0,4101.0,370.0
29865,36.01.03.2011,36.01.03,36.01,36,744.0,1720.0,28.0
29866,36.01.04.2002,36.01.04,36.01,36,1289.0,2901.0,52.0
29867,36.01.04.2004,36.01.04,36.01,36,785.0,1783.0,56.0
29868,36.01.32.2006,36.01.32,36.01,36,662.0,1448.0,52.0
29869,36.01.04.2007,36.01.04,36.01,36,1628.0,3091.0,150.0
29870,36.01.04.2008,36.01.04,36.01,36,753.0,1597.0,18.0
29871,36.01.10.2008,36.01.10,36.01,36,1146.0,2773.0,49.0
29872,36.01.04.2010,36.01.04,36.01,36,438.0,783.0,8.0
29873,36.01.04.2011,36.01.04,36.01,36,1091.0,1997.0,43.0
29874,36.01.04.2012,36.01.04,36.01,36,1060.0,2038.0,36.0
29875,36.01.12.2010,36.01.12,36.01,36,3106.0,7258.0,335.0
29876,36.01.05.2003,36.01.05,36.01,36,1291.0,2942.0,58.0
29877,36.01.05.2004,36.01.05,36.01,36,1426.0,3056.0,123.0
29878,36.01.12.2014,36.01.12,36.01,36,943.0,1857.0,276.0
29879,36.01.05.2007,36.01.05,36.01,36,1446.0,2671.0,46.0
29880,36.01.05.2009,36.01.05,36.01,36,968.0,1941.0,160.0
29881,36.01.07.2004,36.01.07,36.01,36,823.0,2260.0,28.0
29882,36.01.06.2001,36.01.06,36.01,36,4675.0,10059.0,389.0
29883,36.01.13.2010,36.01.13,36.01,36,1034.0,2383.0,136.0
29884,36.01.06.2011,36.01.06,36.01,36,2277.0,5154.0,192.0
29885,36.01.07.2006,36.01.07,36.01,36,954.0,2192.0,33.0
29886,36.01.06.2012,36.01.06,36.01,36,1924.0,4266.0,51.0
29887,36.01.07.2007,36.01.07,36.01,36,595.0,1076.0,12.0
29888,36.01.07.2009,36.01.07,36.01,36,1257.0,2847.0,35.0
29889,36.01.07.2010,36.01.07,36.01,36,711.0,1641.0,11.0
29890,36.01.08.2001,36.01.08,36.01,36,618.0,1522.0,183.0
29891,36.01.08.2005,36.01.08,36.01,36,971.0,2322.0,55.0
29892,36.01.08.2018,36.01.08,36.01,36,652.0,1583.0,42.0
29893,36.01.09.2001,36.01.09,36.01,36,703.0,1734.0,61.0
29894,36.01.09.2002,36.01.09,36.01,36,988.0,2406.0,209.0
29895,36.01.09.2003,36.01.09,36.01,36,491.0,1383.0,41.0
29896,36.01.09.2012,36.01.09,36.01,36,727.0,1665.0,123.0
29897,36.01.10.2001,36.01.10,36.01,36,1472.0,3478.0,55.0
29898,36.01.10.2003,36.01.10,36.01,36,915.0,2185.0,62.0
29899,36.01.10.2004,36.01.10,36.01,36,2206.0,5456.0,191.0
29900,36.01.11.2007,36.01.11,36.01,36,742.0,1487.0,21.0
29901,36.01.11.2003,36.01.11,36.01,36,1157.0,2691.0,33.0
29902,36.01.11.2005,36.01.11,36.01,36,1247.0,2876.0,92.0
29903,36.01.11.2006,36.01.11,36.01,36,920.0,1923.0,36.0
29904,36.01.11.2009,36.01.11,36.01,36,776.0,1511.0,15.0
29905,36.01.12.2001,36.01.12,36.01,36,868.0,1772.0,59.0
29906,36.01.12.2015,36.01.12,36.01,36,494.0,1170.0,40.0
29907,36.01.13.2001,36.01.13,36.01,36,849.0,2000.0,151.0
29908,36.01.13.2002,36.01.13,36.01,36,758.0,1781.0,139.0
29909,36.01.13.2003,36.01.13,36.01,36,575.0,1531.0,137.0
29910,36.01.13.2004,36.01.13,36.01,36,754.0,1758.0,113.0
29911,36.01.13.2015,36.01.13,36.01,36,440.0,1145.0,42.0
29912,36.01.13.2016,36.01.13,36.01,36,372.0,1033.0,91.0
29913,36.01.14.2001,36.01.14,36.01,36,801.0,1602.0,86.0
29914,36.01.14.2003,36.01.14,36.01,36,1128.0,2506.0,65.0
29915,36.01.14.2004,36.01.14,36.01,36,1086.0,2723.0,92.0
29916,36.01.14.2005,36.01.14,36.01,36,664.0,1637.0,53.0
29917,36.01.14.2006,36.01.14,36.01,36,816.0,1743.0,131.0
29918,36.01.14.2007,36.01.14,36.01,36,1561.0,3499.0,126.0
29919,36.01.15.2004,36.01.15,36.01,36,659.0,1566.0,12.0
29920,36.01.14.2010,36.01.14,36.01,36,822.0,2009.0,55.0
29921,36.01.15.2005,36.01.15,36.01,36,631.0,1470.0,38.0
29922,36.01.14.2014,36.01.14,36.01,36,900.0,1989.0,88.0
29923,36.01.15.2003,36.01.15,36.01,36,880.0,1897.0,29.0
29924,36.01.15.2007,36.01.15,36.01,36,1156.0,2866.0,112.0
29925,36.01.15.2009,36.01.15,36.01,36,1251.0,2898.0,46.0
29926,36.01.15.2010,36.01.15,36.01,36,643.0,1700.0,13.0
29927,36.01.16.2002,36.01.16,36.01,36,1519.0,3231.0,225.0
29928,36.01.16.2003,36.01.16,36.01,36,674.0,1654.0,62.0
29929,36.01.16.2004,36.01.16,36.01,36,477.0,1178.0,45.0
29930,36.01.16.2011,36.01.16,36.01,36,841.0,1878.0,91.0
29931,36.01.16.2014,36.01.16,36.01,36,684.0,1399.0,34.0
29932,36.01.16.2015,36.01.16,36.01,36,340.0,882.0,21.0
29933,36.01.17.2001,36.01.17,36.01,36,1331.0,2796.0,72.0
29934,36.01.17.2004,36.01.17,36.01,36,749.0,1673.0,81.0
29935,36.01.17.2005,36.01.17,36.01,36,1084.0,2421.0,133.0
29936,36.01.17.2006,36.01.17,36.01,36,1290.0,2774.0,102.0
29937,36.01.17.2012,36.01.17,36.01,36,1100.0,2419.0,40.0
29938,36.01.17.2008,36.01.17,36.01,36,1141.0,2442.0,38.0
29939,36.01.17.2010,36.01.17,36.01,36,1029.0,2279.0,53.0
29940,36.01.17.2014,36.01.17,36.01,36,818.0,1661.0,36.0
29941,36.01.17.2015,36.01.17,36.01,36,1126.0,2289.0,198.0
29942,36.01.18.2001,36.01.18,36.01,36,1570.0,3733.0,121.0
29943,36.01.18.2003,36.01.18,36.01,36,1590.0,3574.0,93.0
29944,36.01.18.2004,36.01.18,36.01,36,884.0,2121.0,63.0
29945,36.01.18.2007,36.01.18,36.01,36,1280.0,2892.0,109.0
29946,36.01.18.2008,36.01.18,36.01,36,972.0,2364.0,69.0
29947,36.01.18.2010,36.01.18,36.01,36,773.0,1932.0,42.0
29948,36.01.18.2013,36.01.18,36.01,36,682.0,1560.0,47.0
29949,36.01.19.2001,36.01.19,36.01,36,1215.0,2192.0,27.0
29950,36.01.19.2004,36.01.19,36.01,36,1662.0,3998.0,483.0
29951,36.01.19.2008,36.01.19,36.01,36,687.0,1726.0,54.0
29952,36.01.20.2002,36.01.20,36.01,36,1203.0,3200.0,75.0
29953,36.01.20.2004,36.01.20,36.01,36,1226.0,2926.0,108.0
29954,36.01.20.2006,36.01.20,36.01,36,563.0,1448.0,20.0
29955,36.01.20.2007,36.01.20,36.01,36,1503.0,3346.0,306.0
29956,36.01.20.2011,36.01.20,36.01,36,900.0,2187.0,124.0
29957,36.01.20.2012,36.01.20,36.01,36,660.0,1575.0,30.0
29958,36.01.20.2013,36.01.20,36.01,36,762.0,1727.0,27.0
29959,36.04.12.2002,36.04.12,36.04,36,680.0,1696.0,59.0
29960,36.01.20.2014,36.01.20,36.01,36,515.0,1243.0,23.0
29961,36.01.21.1002,36.01.21,36.01,36,1889.0,4245.0,292.0
29962,36.01.21.1009,36.01.21,36.01,36,5728.0,13271.0,1615.0
29963,36.01.22.2001,36.01.22,36.01,36,730.0,1718.0,18.0
29964,36.01.22.2002,36.01.22,36.01,36,605.0,1252.0,20.0
29965,36.01.22.2006,36.01.22,36.01,36,1222.0,2524.0,71.0
29966,36.01.22.2007,36.01.22,36.01,36,2388.0,4952.0,462.0
29967,36.01.22.2009,36.01.22,36.01,36,1100.0,2167.0,111.0
29968,36.01.22.2010,36.01.22,36.01,36,671.0,1602.0,60.0
29969,36.01.22.2013,36.01.22,36.01,36,995.0,2108.0,35.0
29970,36.01.23.2001,36.01.23,36.01,36,573.0,1260.0,19.0
29971,36.01.23.2002,36.01.23,36.01,36,1487.0,3329.0,198.0
29972,36.01.23.2004,36.01.23,36.01,36,982.0,2520.0,79.0
29973,36.01.24.2020,36.01.24,36.01,36,608.0,1466.0,25.0
29974,36.01.23.2007,36.01.23,36.01,36,730.0,1839.0,163.0
29975,36.01.23.2009,36.01.23,36.01,36,566.0,1211.0,23.0
29976,36.01.24.2006,36.01.24,36.01,36,704.0,1807.0,26.0
29977,36.01.24.2008,36.01.24,36.01,36,1037.0,2611.0,71.0
29978,36.01.24.2009,36.01.24,36.01,36,946.0,1802.0,65.0
29979,36.01.24.2010,36.01.24,36.01,36,953.0,2397.0,74.0
29980,36.01.27.2010,36.01.27,36.01,36,528.0,859.0,7.0
29981,36.01.24.2011,36.01.24,36.01,36,448.0,1292.0,37.0
29982,36.01.25.1002,36.01.25,36.01,36,3529.0,7965.0,1273.0
29983,36.01.26.2001,36.01.26,36.01,36,1073.0,2985.0,257.0
29984,36.01.26.2004,36.01.26,36.01,36,805.0,1989.0,91.0
29985,36.01.26.2006,36.01.26,36.01,36,859.0,2045.0,179.0
29986,36.01.26.2008,36.01.26,36.01,36,581.0,1695.0,16.0
29987,36.01.26.2009,36.01.26,36.01,36,717.0,1957.0,241.0
29988,36.01.26.2010,36.01.26,36.01,36,599.0,1622.0,77.0
29989,36.01.28.2002,36.01.28,36.01,36,937.0,2549.0,130.0
29990,36.01.27.2001,36.01.27,36.01,36,398.0,941.0,6.0
29991,36.01.27.2002,36.01.27,36.01,36,1004.0,1635.0,46.0
29992,36.01.27.2003,36.01.27,36.01,36,592.0,1264.0,17.0
29993,36.01.28.2006,36.01.28,36.01,36,1090.0,2731.0,73.0
29994,36.01.27.2005,36.01.27,36.01,36,702.0,1292.0,45.0
29995,36.01.27.2006,36.01.27,36.01,36,729.0,1758.0,15.0
29996,36.01.27.2007,36.01.27,36.01,36,559.0,1195.0,49.0
29997,36.01.28.2003,36.01.28,36.01,36,1493.0,3529.0,75.0
29998,36.01.28.2004,36.01.28,36.01,36,1295.0,2692.0,44.0
29999,36.01.28.2005,36.01.28,36.01,36,550.0,1287.0,37.0
30000,36.01.28.2007,36.01.28,36.01,36,928.0,2451.0,147.0
30001,36.01.28.2010,36.01.28,36.01,36,767.0,2134.0,59.0
30002,36.01.29.2002,36.01.29,36.01,36,800.0,1854.0,47.0
30003,36.01.32.2009,36.01.32,36.01,36,1041.0,2046.0,70.0
30004,36.01.29.2003,36.01.29,36.01,36,688.0,1616.0,47.0
30005,36.01.29.2004,36.01.29,36.01,36,1072.0,2229.0,18.0
30006,36.01.29.2005,36.01.29,36.01,36,1438.0,2936.0,34.0
30007,36.01.29.2006,36.01.29,36.01,36,1157.0,2261.0,30.0
30008,36.01.29.2007,36.01.29,36.01,36,2046.0,4426.0,146.0
30009,36.01.29.2008,36.01.29,36.01,36,1576.0,3593.0,58.0
30010,36.01.29.2009,36.01.29,36.01,36,664.0,1397.0,10.0
30011,36.01.30.2001,36.01.30,36.01,36,1073.0,2753.0,41.0
30012,36.01.30.2002,36.01.30,36.01,36,1036.0,2454.0,40.0
30013,36.01.30.2003,36.01.30,36.01,36,980.0,2272.0,41.0
30014,36.01.30.2004,36.01.30,36.01,36,561.0,1389.0,7.0
30015,36.01.30.2006,36.01.30,36.01,36,963.0,2273.0,46.0
30016,36.01.31.2001,36.01.31,36.01,36,968.0,2212.0,51.0
30017,36.01.31.2002,36.01.31,36.01,36,1003.0,2117.0,39.0
30018,36.01.31.2004,36.01.31,36.01,36,488.0,1180.0,23.0
30019,36.01.32.2008,36.01.32,36.01,36,723.0,1627.0,42.0
30020,36.01.31.2006,36.01.31,36.01,36,777.0,1765.0,26.0
30021,36.01.32.2005,36.01.32,36.01,36,1247.0,2609.0,68.0
30022,36.01.31.2009,36.01.31,36.01,36,766.0,1561.0,37.0
30023,36.01.32.2001,36.01.32,36.01,36,1336.0,2823.0,212.0
30024,36.01.32.2002,36.01.32,36.01,36,1179.0,2437.0,85.0
30025,36.01.32.2003,36.01.32,36.01,36,1423.0,2995.0,71.0
30026,36.01.33.2002,36.01.33,36.01,36,349.0,908.0,17.0
30027,36.01.33.2004,36.01.33,36.01,36,550.0,1149.0,45.0
30028,36.01.33.2005,36.01.33,36.01,36,786.0,1709.0,30.0
30029,36.01.33.2007,36.01.33,36.01,36,468.0,887.0,35.0
30030,36.01.33.2008,36.01.33,36.01,36,667.0,1387.0,36.0
30031,36.01.33.2009,36.01.33,36.01,36,804.0,1659.0,117.0
30032,36.01.34.1002,36.01.34,36.01,36,2254.0,5273.0,971.0
30033,36.04.22.2006,36.04.22,36.04,36,817.0,1775.0,4.0
30034,36.01.34.1003,36.01.34,36.01,36,4054.0,7961.0,1337.0
30035,36.01.34.1004,36.01.34,36.01,36,3660.0,5841.0,28.0
30036,36.01.34.1005,36.01.34,36.01,36,2322.0,4989.0,193.0
30037,36.01.35.2003,36.01.35,36.01,36,990.0,2044.0,24.0
30038,36.01.35.2005,36.01.35,36.01,36,1272.0,2845.0,51.0
30039,36.01.35.2006,36.01.35,36.01,36,1615.0,3433.0,120.0
30040,36.01.35.2007,36.01.35,36.01,36,1844.0,4192.0,203.0
30041,36.01.35.2008,36.01.35,36.01,36,873.0,2375.0,25.0
30042,36.02.01.2002,36.02.01,36.02,36,1247.0,2474.0,125.0
30043,36.02.01.2003,36.02.01,36.02,36,1607.0,3762.0,176.0
30044,36.02.01.2004,36.02.01,36.02,36,2411.0,5256.0,183.0
30045,36.02.01.2005,36.02.01,36.02,36,1764.0,3992.0,218.0
30046,36.02.01.2006,36.02.01,36.02,36,1408.0,3356.0,110.0
30047,36.02.01.2009,36.02.01,36.02,36,1087.0,2451.0,43.0
30048,36.02.01.2016,36.02.01,36.02,36,771.0,1675.0,30.0
30049,36.02.01.2019,36.02.01,36.02,36,1952.0,3826.0,73.0
30050,36.02.01.2024,36.02.01,36.02,36,600.0,1464.0,8.0
30051,36.02.01.2026,36.02.01,36.02,36,1113.0,1865.0,14.0
30052,36.02.02.2010,36.02.02,36.02,36,1086.0,3122.0,231.0
30053,36.02.02.2003,36.02.02,36.02,36,641.0,2223.0,32.0
30054,36.02.02.2004,36.02.02,36.02,36,634.0,1884.0,13.0
30055,36.02.02.2005,36.02.02,36.02,36,1139.0,2732.0,59.0
30056,36.71.03.1005,36.71.03,36.71,36,3047.0,8639.0,434.0
30057,36.02.02.2014,36.02.02,36.02,36,1128.0,2980.0,46.0
30058,36.02.03.2007,36.02.03,36.02,36,912.0,2290.0,163.0
30059,36.02.03.2006,36.02.03,36.02,36,1013.0,2736.0,107.0
30060,36.02.04.2005,36.02.04,36.02,36,1032.0,2292.0,144.0
30061,36.02.03.2008,36.02.03,36.02,36,871.0,2498.0,46.0
30062,36.02.04.2006,36.02.04,36.02,36,497.0,1265.0,31.0
30063,36.02.04.2007,36.02.04,36.02,36,1438.0,3355.0,107.0
30064,36.02.03.2016,36.02.03,36.02,36,605.0,1648.0,55.0
30065,36.02.04.2002,36.02.04,36.02,36,1234.0,2792.0,166.0
30066,36.02.04.2003,36.02.04,36.02,36,888.0,2602.0,51.0
30067,36.02.04.2004,36.02.04,36.02,36,738.0,1468.0,33.0
30068,36.02.04.2008,36.02.04,36.02,36,1461.0,2940.0,98.0
30069,36.02.04.2010,36.02.04,36.02,36,1421.0,3211.0,126.0
30070,36.02.04.2013,36.02.04,36.02,36,892.0,2228.0,13.0
30071,36.02.04.2014,36.02.04,36.02,36,1110.0,2400.0,320.0
30072,36.02.04.2015,36.02.04,36.02,36,636.0,1626.0,27.0
30073,36.02.05.2013,36.02.05,36.02,36,703.0,1833.0,9.0
30074,36.02.11.2006,36.02.11,36.02,36,1356.0,3180.0,20.0
30075,36.02.05.2018,36.02.05,36.02,36,773.0,1635.0,2.0
30076,36.02.05.2020,36.02.05,36.02,36,1002.0,2148.0,19.0
30077,36.02.05.2021,36.02.05,36.02,36,536.0,1398.0,17.0
30078,36.02.06.2001,36.02.06,36.02,36,5385.0,178.0,4.0
30079,36.02.06.2002,36.02.06,36.02,36,1964.0,3533.0,50.0
30080,36.02.17.2005,36.02.17,36.02,36,1503.0,2909.0,37.0
30081,36.02.06.2003,36.02.06,36.02,36,1532.0,3226.0,70.0
30082,36.02.06.2005,36.02.06,36.02,36,1130.0,2047.0,75.0
30083,36.02.06.2008,36.02.06,36.02,36,1312.0,2686.0,40.0
30084,36.02.06.2012,36.02.06,36.02,36,1176.0,2790.0,32.0
30085,36.02.07.2010,36.02.07,36.02,36,1474.0,2883.0,25.0
30086,36.02.07.2007,36.02.07,36.02,36,984.0,2200.0,25.0
30087,36.02.07.2009,36.02.07,36.02,36,930.0,2044.0,31.0
30088,36.02.07.2016,36.02.07,36.02,36,450.0,1103.0,10.0
30089,36.02.08.2003,36.02.08,36.02,36,685.0,1521.0,31.0
30090,36.02.08.2006,36.02.08,36.02,36,780.0,2182.0,17.0
30091,36.02.08.2007,36.02.08,36.02,36,1136.0,2396.0,37.0
30092,36.02.08.2008,36.02.08,36.02,36,779.0,2000.0,13.0
30093,36.02.08.2010,36.02.08,36.02,36,610.0,1571.0,13.0
30094,36.02.09.2007,36.02.09,36.02,36,649.0,1649.0,22.0
30095,36.02.09.2018,36.02.09,36.02,36,895.0,2206.0,38.0
30096,36.02.09.2010,36.02.09,36.02,36,676.0,1664.0,17.0
30097,36.02.09.2012,36.02.09,36.02,36,1321.0,3048.0,20.0
30098,36.02.09.2015,36.02.09,36.02,36,948.0,2283.0,40.0
30099,36.02.09.2016,36.02.09,36.02,36,1023.0,2482.0,154.0
30100,36.02.10.2002,36.02.10,36.02,36,1209.0,2516.0,12.0
30101,36.02.10.2005,36.02.10,36.02,36,1373.0,3975.0,96.0
30102,36.02.10.2006,36.02.10,36.02,36,1459.0,3368.0,25.0
30103,36.02.10.2007,36.02.10,36.02,36,1389.0,3723.0,60.0
30104,36.02.10.2008,36.02.10,36.02,36,1025.0,2936.0,10.0
30105,36.02.10.2009,36.02.10,36.02,36,1240.0,2770.0,31.0
30106,36.71.04.1005,36.71.04,36.71,36,5032.0,13518.0,1395.0
30107,36.02.10.2010,36.02.10,36.02,36,698.0,2159.0,35.0
30108,36.02.10.2011,36.02.10,36.02,36,980.0,2431.0,66.0
30109,36.02.11.2001,36.02.11,36.02,36,1067.0,1921.0,14.0
30110,36.02.11.2004,36.02.11,36.02,36,1211.0,2313.0,16.0
30111,36.02.11.2007,36.02.11,36.02,36,2121.0,3983.0,222.0
30112,36.02.11.2008,36.02.11,36.02,36,1604.0,3010.0,16.0
30113,36.02.11.2011,36.02.11,36.02,36,1162.0,2623.0,15.0
30114,36.02.12.2004,36.02.12,36.02,36,842.0,2005.0,34.0
30115,36.02.12.2007,36.02.12,36.02,36,1133.0,2285.0,102.0
30116,36.02.12.2008,36.02.12,36.02,36,1155.0,2567.0,43.0
30117,36.02.12.2013,36.02.12,36.02,36,1358.0,2479.0,32.0
30118,36.02.12.2010,36.02.12,36.02,36,752.0,1841.0,36.0
30119,36.02.13.2012,36.02.13,36.02,36,1550.0,3294.0,78.0
30120,36.02.12.2014,36.02.12,36.02,36,839.0,1839.0,29.0
30121,36.02.12.2015,36.02.12,36.02,36,1652.0,3165.0,271.0
30122,36.02.13.2006,36.02.13,36.02,36,1706.0,3683.0,280.0
30123,36.02.15.2012,36.02.15,36.02,36,872.0,1952.0,48.0
30124,36.02.13.2011,36.02.13,36.02,36,855.0,1849.0,13.0
30125,36.02.13.2018,36.02.13,36.02,36,1077.0,2291.0,23.0
30126,36.02.13.2021,36.02.13,36.02,36,1116.0,1941.0,36.0
30127,36.02.13.2022,36.02.13,36.02,36,883.0,1690.0,20.0
30128,36.02.14.2009,36.02.14,36.02,36,2267.0,5148.0,160.0
30129,36.02.14.2010,36.02.14,36.02,36,2365.0,4586.0,126.0
30130,36.02.14.2013,36.02.14,36.02,36,2131.0,4822.0,560.0
30131,36.02.14.2014,36.02.14,36.02,36,1731.0,4147.0,69.0
30132,36.02.14.2017,36.02.14,36.02,36,3731.0,6838.0,946.0
30133,36.02.14.2021,36.02.14,36.02,36,1453.0,3442.0,77.0
30134,36.02.14.2023,36.02.14,36.02,36,2261.0,4148.0,477.0
30135,36.02.16.2004,36.02.16,36.02,36,567.0,1657.0,28.0
30136,36.02.15.2002,36.02.15,36.02,36,1606.0,3369.0,197.0
30137,36.02.15.2003,36.02.15,36.02,36,1723.0,3868.0,253.0
30138,36.02.15.2004,36.02.15,36.02,36,1290.0,2936.0,72.0
30139,36.02.15.2005,36.02.15,36.02,36,1161.0,2550.0,167.0
30140,36.02.15.2007,36.02.15,36.02,36,1932.0,3832.0,69.0
30141,36.02.15.2008,36.02.15,36.02,36,1811.0,3859.0,33.0
30142,36.02.15.2009,36.02.15,36.02,36,1536.0,3057.0,65.0
30143,36.02.16.2007,36.02.16,36.02,36,1015.0,2486.0,155.0
30144,36.02.16.2008,36.02.16,36.02,36,777.0,1698.0,16.0
30145,36.02.16.2013,36.02.16,36.02,36,1505.0,3699.0,80.0
30146,36.02.16.2014,36.02.16,36.02,36,857.0,2266.0,49.0
30147,36.02.16.2016,36.02.16,36.02,36,583.0,1185.0,8.0
30148,36.02.17.2004,36.02.17,36.02,36,789.0,1806.0,36.0
30149,36.02.17.2003,36.02.17,36.02,36,802.0,2138.0,43.0
30150,36.02.17.2013,36.02.17,36.02,36,639.0,1394.0,5.0
30151,36.02.17.2008,36.02.17,36.02,36,1284.0,3410.0,148.0
30152,36.02.17.2009,36.02.17,36.02,36,1293.0,2618.0,24.0
30153,36.02.18.2001,36.02.18,36.02,36,2096.0,4222.0,102.0
30154,36.02.18.2005,36.02.18,36.02,36,1049.0,2005.0,22.0
30155,36.02.18.2006,36.02.18,36.02,36,1017.0,2300.0,21.0
30156,36.02.18.2007,36.02.18,36.02,36,1445.0,3021.0,230.0
30157,36.02.18.2010,36.02.18,36.02,36,1728.0,3623.0,188.0
30158,36.02.18.2011,36.02.18,36.02,36,2248.0,4174.0,490.0
30159,36.02.18.2014,36.02.18,36.02,36,1335.0,2524.0,14.0
30160,36.02.19.2004,36.02.19,36.02,36,896.0,1822.0,38.0
30161,36.02.19.2006,36.02.19,36.02,36,1203.0,2494.0,58.0
30162,36.02.19.2007,36.02.19,36.02,36,551.0,1833.0,53.0
30163,36.02.19.2009,36.02.19,36.02,36,744.0,1969.0,40.0
30164,36.02.19.2011,36.02.19,36.02,36,771.0,1805.0,62.0
30165,36.02.19.2016,36.02.19,36.02,36,758.0,1604.0,14.0
30166,36.02.19.2017,36.02.19,36.02,36,581.0,1375.0,5.0
30167,36.02.19.2018,36.02.19,36.02,36,644.0,1204.0,13.0
30168,36.02.19.2019,36.02.19,36.02,36,927.0,1474.0,16.0
30169,36.02.19.2020,36.02.19,36.02,36,333.0,1054.0,8.0
30170,36.02.19.2021,36.02.19,36.02,36,547.0,1620.0,42.0
30171,36.02.19.2022,36.02.19,36.02,36,904.0,904.0,13.0
30172,36.02.19.2023,36.02.19,36.02,36,895.0,2262.0,112.0
30173,36.02.20.2001,36.02.20,36.02,36,715.0,2154.0,57.0
30174,36.02.20.2006,36.02.20,36.02,36,745.0,2179.0,84.0
30175,36.02.20.2007,36.02.20,36.02,36,1157.0,2979.0,119.0
30176,36.02.20.2008,36.02.20,36.02,36,598.0,1989.0,18.0
30177,36.02.20.2009,36.02.20,36.02,36,477.0,1435.0,46.0
30178,36.02.20.2010,36.02.20,36.02,36,750.0,1917.0,88.0
30179,36.02.21.2001,36.02.21,36.02,36,1935.0,4640.0,102.0
30180,36.02.21.2012,36.02.21,36.02,36,747.0,1780.0,17.0
30181,36.02.21.2004,36.02.21,36.02,36,597.0,1524.0,19.0
30182,36.02.27.2003,36.02.27,36.02,36,886.0,1235.0,35.0
30183,36.02.21.2005,36.02.21,36.02,36,3187.0,7181.0,198.0
30184,36.02.21.2007,36.02.21,36.02,36,712.0,2038.0,42.0
30185,36.02.21.2008,36.02.21,36.02,36,989.0,2184.0,56.0
30186,36.02.21.2010,36.02.21,36.02,36,1724.0,3540.0,58.0
30187,36.02.21.2013,36.02.21,36.02,36,497.0,1415.0,14.0
30188,36.02.22.2001,36.02.22,36.02,36,679.0,1924.0,69.0
30189,36.02.22.2002,36.02.22,36.02,36,1121.0,2800.0,22.0
30190,36.02.22.2003,36.02.22,36.02,36,619.0,1383.0,28.0
30191,36.02.22.2005,36.02.22,36.02,36,1243.0,2528.0,67.0
30192,36.02.22.2007,36.02.22,36.02,36,1198.0,2324.0,33.0
30193,36.02.22.2008,36.02.22,36.02,36,853.0,1154.0,14.0
30194,36.02.22.2010,36.02.22,36.02,36,473.0,1407.0,30.0
30195,36.02.23.2001,36.02.23,36.02,36,1231.0,2578.0,61.0
30196,36.02.23.2003,36.02.23,36.02,36,847.0,1869.0,19.0
30197,36.02.23.2006,36.02.23,36.02,36,1161.0,2454.0,45.0
30198,36.02.23.2009,36.02.23,36.02,36,1054.0,2209.0,16.0
30199,36.02.24.2002,36.02.24,36.02,36,1949.0,4055.0,50.0
30200,36.02.24.2006,36.02.24,36.02,36,1900.0,3771.0,175.0
30201,36.02.24.2007,36.02.24,36.02,36,1214.0,2327.0,202.0
30202,36.02.25.2003,36.02.25,36.02,36,1022.0,1847.0,33.0
30203,36.03.05.2002,36.03.05,36.03,36,2484.0,5252.0,139.0
30204,36.02.26.2004,36.02.26,36.02,36,1409.0,3720.0,97.0
30205,36.02.26.2005,36.02.26,36.02,36,646.0,1871.0,28.0
30206,36.03.01.2013,36.03.01,36.03,36,1748.0,4651.0,113.0
30207,36.02.26.2009,36.02.26,36.02,36,546.0,1288.0,10.0
30208,36.02.27.2001,36.02.27,36.02,36,711.0,1227.0,28.0
30209,36.02.27.2002,36.02.27,36.02,36,1724.0,2963.0,93.0
30210,36.02.27.2007,36.02.27,36.02,36,904.0,1835.0,11.0
30211,36.02.27.2008,36.02.27,36.02,36,876.0,1038.0,17.0
30212,36.02.27.2009,36.02.27,36.02,36,983.0,711.0,16.0
30213,36.02.28.2002,36.02.28,36.02,36,667.0,1478.0,19.0
30214,36.02.28.2004,36.02.28,36.02,36,832.0,937.0,8.0
30215,36.03.01.2005,36.03.01,36.03,36,2239.0,6106.0,494.0
30216,36.03.01.2009,36.03.01,36.03,36,3668.0,9358.0,347.0
30217,36.03.01.1001,36.03.01,36.03,36,2744.0,6949.0,486.0
30218,36.03.02.2004,36.03.02,36.03,36,2045.0,5830.0,154.0
30219,36.03.03.1001,36.03.03,36.03,36,4456.0,9111.0,1011.0
30220,36.03.03.2002,36.03.03,36.03,36,1522.0,3792.0,117.0
30221,36.03.03.2005,36.03.03,36.03,36,4054.0,8848.0,530.0
30222,36.03.03.2006,36.03.03,36.03,36,1458.0,2900.0,44.0
30223,36.03.03.2008,36.03.03,36.03,36,2760.0,6269.0,207.0
30224,36.03.03.2009,36.03.03,36.03,36,1662.0,3602.0,183.0
30225,36.03.04.2005,36.03.04,36.03,36,1920.0,4481.0,243.0
30226,36.03.03.2010,36.03.03,36.03,36,4066.0,8714.0,865.0
30227,36.03.03.2011,36.03.03,36.03,36,2180.0,5044.0,121.0
30228,36.03.03.2014,36.03.03,36.03,36,1900.0,4322.0,149.0
30229,36.03.04.2001,36.03.04,36.03,36,1045.0,2647.0,42.0
30230,36.03.04.2003,36.03.04,36.03,36,1246.0,2743.0,128.0
30231,36.03.04.2004,36.03.04,36.03,36,1748.0,4199.0,53.0
30232,36.03.04.2006,36.03.04,36.03,36,1486.0,3558.0,162.0
30233,36.03.04.2010,36.03.04,36.03,36,892.0,2092.0,65.0
30234,36.03.05.2003,36.03.05,36.03,36,2708.0,6129.0,242.0
30235,36.03.05.2008,36.03.05,36.03,36,2315.0,5275.0,181.0
30236,36.03.09.2005,36.03.09,36.03,36,2061.0,4222.0,83.0
30237,36.03.05.2017,36.03.05,36.03,36,3144.0,7179.0,241.0
30238,36.03.06.2001,36.03.06,36.03,36,1414.0,3981.0,32.0
30239,36.03.06.2009,36.03.06,36.03,36,1803.0,5351.0,237.0
30240,36.03.06.2015,36.03.06,36.03,36,1821.0,5593.0,178.0
30241,36.03.06.2018,36.03.06,36.03,36,2223.0,6605.0,568.0
30242,36.03.07.2015,36.03.07,36.03,36,953.0,3274.0,44.0
30243,36.03.08.2004,36.03.08,36.03,36,2036.0,5186.0,107.0
30244,36.03.08.2005,36.03.08,36.03,36,1399.0,3613.0,181.0
30245,36.03.08.2006,36.03.08,36.03,36,1073.0,2981.0,53.0
30246,36.03.08.2007,36.03.08,36.03,36,1859.0,5477.0,149.0
30247,36.03.08.2009,36.03.08,36.03,36,1832.0,5136.0,108.0
30248,36.03.08.2010,36.03.08,36.03,36,1879.0,5496.0,420.0
30249,36.03.08.2011,36.03.08,36.03,36,1854.0,5079.0,154.0
30250,36.03.13.2003,36.03.13,36.03,36,2972.0,6578.0,179.0
30251,36.03.08.2012,36.03.08,36.03,36,1422.0,4446.0,109.0
30252,36.03.09.2001,36.03.09,36.03,36,1383.0,2587.0,48.0
30253,36.03.09.2002,36.03.09,36.03,36,1349.0,2501.0,33.0
30254,36.03.09.2004,36.03.09,36.03,36,2980.0,6289.0,202.0
30255,36.03.09.2006,36.03.09,36.03,36,3025.0,6097.0,186.0
30256,36.03.10.2002,36.03.10,36.03,36,2019.0,5091.0,425.0
30257,36.03.11.1010,36.03.11,36.03,36,5692.0,14129.0,667.0
30258,36.03.11.2001,36.03.11,36.03,36,3359.0,8249.0,372.0
30259,36.03.11.2002,36.03.11,36.03,36,2453.0,4637.0,231.0
30260,36.03.11.2005,36.03.11,36.03,36,1855.0,4007.0,83.0
30261,36.03.11.2007,36.03.11,36.03,36,4917.0,10028.0,411.0
30262,36.03.11.2009,36.03.11,36.03,36,1475.0,3346.0,75.0
30263,36.03.11.2014,36.03.11,36.03,36,7896.0,17507.0,878.0
30264,36.03.12.1012,36.03.12,36.03,36,8553.0,18669.0,1786.0
30265,36.03.12.1014,36.03.12,36.03,36,7322.0,19175.0,2728.0
30266,36.03.13.2005,36.03.13,36.03,36,4141.0,10877.0,207.0
30267,36.03.13.2006,36.03.13,36.03,36,4174.0,10889.0,1071.0
30268,36.03.13.2007,36.03.13,36.03,36,2849.0,7491.0,447.0
30269,36.03.22.2006,36.03.22,36.03,36,1705.0,4902.0,586.0
30270,36.03.13.2010,36.03.13,36.03,36,2317.0,5340.0,94.0
30271,36.03.13.2013,36.03.13,36.03,36,3255.0,7955.0,234.0
30272,36.03.14.1003,36.03.14,36.03,36,4223.0,10431.0,372.0
30273,36.03.14.2004,36.03.14,36.03,36,1931.0,3301.0,50.0
30274,36.03.14.2005,36.03.14,36.03,36,2408.0,5619.0,223.0
30275,36.03.14.2006,36.03.14,36.03,36,2815.0,5762.0,168.0
30276,36.03.14.2008,36.03.14,36.03,36,3764.0,8363.0,144.0
30277,36.03.14.2009,36.03.14,36.03,36,2046.0,5020.0,287.0
30278,36.03.15.2002,36.03.15,36.03,36,2000.0,4350.0,233.0
30279,36.03.15.2003,36.03.15,36.03,36,2389.0,3631.0,76.0
30280,36.03.15.2004,36.03.15,36.03,36,2409.0,4322.0,97.0
30281,36.03.15.2006,36.03.15,36.03,36,2724.0,4166.0,92.0
30282,36.03.15.2007,36.03.15,36.03,36,3092.0,5165.0,118.0
30283,36.03.15.2008,36.03.15,36.03,36,2686.0,3667.0,46.0
30284,36.04.05.2015,36.04.05,36.04,36,2226.0,4208.0,1551.0
30285,36.03.15.2011,36.03.15,36.03,36,2981.0,4668.0,156.0
30286,36.03.15.2012,36.03.15,36.03,36,4781.0,7644.0,108.0
30287,36.03.15.2013,36.03.15,36.03,36,1840.0,3257.0,105.0
30288,36.03.15.2014,36.03.15,36.03,36,3424.0,5797.0,58.0
30289,36.03.16.1001,36.03.16,36.03,36,3180.0,7842.0,613.0
30290,36.03.16.2002,36.03.16,36.03,36,5172.0,12981.0,839.0
30291,36.03.16.2003,36.03.16,36.03,36,3184.0,8170.0,241.0
30292,36.03.16.2008,36.03.16,36.03,36,2750.0,6719.0,625.0
30293,36.03.16.2012,36.03.16,36.03,36,2058.0,5567.0,168.0
30294,36.03.16.2015,36.03.16,36.03,36,2885.0,7267.0,271.0
30295,36.03.17.1005,36.03.17,36.03,36,4326.0,10234.0,1443.0
30296,36.03.17.1006,36.03.17,36.03,36,10942.0,33319.0,7564.0
30297,36.03.17.2002,36.03.17,36.03,36,3419.0,9249.0,498.0
30298,36.03.17.2003,36.03.17,36.03,36,6583.0,18261.0,1244.0
30299,36.03.17.2004,36.03.17,36.03,36,4125.0,11315.0,459.0
30300,36.03.18.1001,36.03.18,36.03,36,6133.0,15205.0,910.0
30301,36.03.18.2002,36.03.18,36.03,36,2593.0,6941.0,244.0
30302,36.03.18.2005,36.03.18,36.03,36,4509.0,11579.0,591.0
30303,36.03.18.2010,36.03.18,36.03,36,4182.0,10991.0,536.0
30304,36.03.18.2013,36.03.18,36.03,36,1428.0,3246.0,57.0
30305,36.03.18.2014,36.03.18,36.03,36,3699.0,9345.0,310.0
30306,36.03.19.2003,36.03.19,36.03,36,2782.0,6931.0,238.0
30307,36.03.20.2006,36.03.20,36.03,36,3498.0,7689.0,1231.0
30308,36.03.19.2004,36.03.19,36.03,36,2204.0,4743.0,113.0
30309,36.03.19.2006,36.03.19,36.03,36,2239.0,4614.0,114.0
30310,36.03.19.2007,36.03.19,36.03,36,8578.0,15742.0,2615.0
30311,36.03.19.2008,36.03.19,36.03,36,4818.0,10603.0,621.0
30312,36.03.20.1011,36.03.20,36.03,36,3420.0,8270.0,723.0
30313,36.03.20.2005,36.03.20,36.03,36,1719.0,3992.0,44.0
30314,36.03.20.2007,36.03.20,36.03,36,3203.0,7636.0,206.0
30315,36.03.20.2009,36.03.20,36.03,36,3445.0,8805.0,622.0
30316,36.03.22.1004,36.03.22,36.03,36,4077.0,10253.0,3116.0
30317,36.03.22.2002,36.03.22,36.03,36,1560.0,4270.0,268.0
30318,36.03.22.2007,36.03.22,36.03,36,1952.0,5512.0,390.0
30319,36.03.22.2011,36.03.22,36.03,36,1583.0,5143.0,178.0
30320,36.03.23.2003,36.03.23,36.03,36,1950.0,4250.0,41.0
30321,36.03.23.2005,36.03.23,36.03,36,6978.0,16177.0,2494.0
30322,36.03.23.2009,36.03.23,36.03,36,1964.0,4004.0,55.0
30323,36.03.27.2003,36.03.27,36.03,36,2275.0,6073.0,193.0
30324,36.03.27.2008,36.03.27,36.03,36,1323.0,4292.0,56.0
30325,36.03.28.1001,36.03.28,36.03,36,5437.0,15618.0,4896.0
30326,36.03.28.1003,36.03.28,36.03,36,1870.0,5411.0,3479.0
30327,36.03.28.1005,36.03.28,36.03,36,10340.0,28684.0,6190.0
30328,36.03.28.2006,36.03.28,36.03,36,2826.0,6305.0,2932.0
30329,36.03.29.2001,36.03.29,36.03,36,2839.0,5132.0,59.0
30330,36.03.29.2002,36.03.29,36.03,36,5654.0,10195.0,1086.0
30331,36.03.29.2004,36.03.29,36.03,36,3287.0,6183.0,133.0
30332,36.03.29.2007,36.03.29,36.03,36,1959.0,3834.0,58.0
30333,36.03.30.2001,36.03.30,36.03,36,3083.0,7435.0,296.0
30334,36.03.30.2004,36.03.30,36.03,36,2703.0,5175.0,146.0
30335,36.03.30.2007,36.03.30,36.03,36,2029.0,4705.0,44.0
30336,36.03.31.2002,36.03.31,36.03,36,3582.0,8957.0,305.0
30337,36.03.32.2004,36.03.32,36.03,36,1373.0,2572.0,58.0
30338,36.03.31.2005,36.03.31,36.03,36,1474.0,3638.0,63.0
30339,36.03.31.2006,36.03.31,36.03,36,5118.0,12605.0,506.0
30340,36.03.32.2006,36.03.32,36.03,36,1980.0,3630.0,51.0
30341,36.03.33.2002,36.03.33,36.03,36,961.0,1985.0,50.0
30342,36.03.33.2004,36.03.33,36.03,36,1209.0,2357.0,52.0
30343,36.03.33.2007,36.03.33,36.03,36,1751.0,4719.0,127.0
30344,36.04.05.2001,36.04.05,36.04,36,2731.0,5460.0,1131.0
30345,36.04.05.2003,36.04.05,36.04,36,3225.0,6021.0,597.0
30346,36.04.05.2004,36.04.05,36.04,36,1148.0,2470.0,155.0
30347,36.04.05.2006,36.04.05,36.04,36,1510.0,2959.0,540.0
30348,36.04.05.2007,36.04.05,36.04,36,1283.0,2882.0,101.0
30349,36.04.05.2008,36.04.05,36.04,36,1066.0,2259.0,62.0
30350,36.04.05.2009,36.04.05,36.04,36,1603.0,3025.0,33.0
30351,36.04.05.2011,36.04.05,36.04,36,2629.0,4799.0,536.0
30352,36.04.06.2001,36.04.06,36.04,36,4107.0,6387.0,1291.0
30353,36.04.06.2002,36.04.06,36.04,36,927.0,1749.0,15.0
30354,36.04.06.2003,36.04.06,36.04,36,972.0,2181.0,40.0
30355,36.04.06.2004,36.04.06,36.04,36,698.0,1558.0,76.0
30356,36.04.06.2005,36.04.06,36.04,36,990.0,2127.0,29.0
30357,36.04.06.2007,36.04.06,36.04,36,1222.0,2149.0,69.0
30358,36.04.07.2002,36.04.07,36.04,36,1361.0,2790.0,211.0
30359,36.04.07.2008,36.04.07,36.04,36,916.0,2145.0,60.0
30360,36.04.07.2009,36.04.07,36.04,36,874.0,2124.0,53.0
30361,36.04.07.2010,36.04.07,36.04,36,1057.0,2162.0,49.0
30362,36.04.07.2011,36.04.07,36.04,36,879.0,2070.0,31.0
30363,36.04.08.2003,36.04.08,36.04,36,980.0,2109.0,169.0
30364,36.04.08.2004,36.04.08,36.04,36,1400.0,3239.0,58.0
30365,36.04.08.2005,36.04.08,36.04,36,1440.0,3187.0,79.0
30366,36.04.08.2007,36.04.08,36.04,36,1245.0,2485.0,102.0
30367,36.04.08.2009,36.04.08,36.04,36,1025.0,2017.0,28.0
30368,36.04.09.2004,36.04.09,36.04,36,1094.0,2464.0,88.0
30369,36.04.09.2005,36.04.09,36.04,36,1500.0,3506.0,152.0
30370,36.04.09.2011,36.04.09,36.04,36,1243.0,2450.0,19.0
30371,36.04.09.2012,36.04.09,36.04,36,1215.0,2914.0,23.0
30372,36.04.11.2003,36.04.11,36.04,36,1444.0,2382.0,95.0
30373,36.04.09.2017,36.04.09,36.04,36,3650.0,6471.0,741.0
30374,36.04.11.2007,36.04.11,36.04,36,3289.0,7260.0,209.0
30375,36.04.11.2008,36.04.11,36.04,36,1326.0,3172.0,68.0
30376,36.04.11.2012,36.04.11,36.04,36,1028.0,2191.0,38.0
30377,36.04.11.2014,36.04.11,36.04,36,1125.0,2248.0,85.0
30378,36.04.12.2003,36.04.12,36.04,36,1483.0,3269.0,135.0
30379,36.04.12.2010,36.04.12,36.04,36,1192.0,2936.0,296.0
30380,36.04.12.2011,36.04.12,36.04,36,1196.0,3113.0,58.0
30381,36.04.12.2012,36.04.12,36.04,36,787.0,1613.0,34.0
30382,36.04.12.2013,36.04.12,36.04,36,1310.0,2890.0,42.0
30383,36.04.13.2004,36.04.13,36.04,36,889.0,1993.0,43.0
30384,36.04.13.2006,36.04.13,36.04,36,1436.0,3170.0,208.0
30385,36.04.13.2007,36.04.13,36.04,36,2029.0,3719.0,44.0
30386,36.04.13.2009,36.04.13,36.04,36,514.0,881.0,12.0
30387,36.04.13.2010,36.04.13,36.04,36,904.0,1543.0,109.0
30388,36.04.13.2013,36.04.13,36.04,36,642.0,1348.0,65.0
30389,36.04.14.2001,36.04.14,36.04,36,956.0,1526.0,64.0
30390,36.04.15.2013,36.04.15,36.04,36,4400.0,11843.0,589.0
30391,36.04.14.2007,36.04.14,36.04,36,2202.0,2674.0,40.0
30392,36.04.14.2008,36.04.14,36.04,36,2235.0,2967.0,59.0
30393,36.04.14.2009,36.04.14,36.04,36,1618.0,2048.0,61.0
30394,36.04.15.2001,36.04.15,36.04,36,5181.0,12035.0,560.0
30395,36.04.15.2003,36.04.15,36.04,36,1591.0,3811.0,76.0
30396,36.04.15.2004,36.04.15,36.04,36,2568.0,6232.0,316.0
30397,36.04.15.2005,36.04.15,36.04,36,1672.0,4660.0,48.0
30398,36.04.15.2008,36.04.15,36.04,36,1335.0,3264.0,59.0
30399,36.04.15.2009,36.04.15,36.04,36,2165.0,4824.0,201.0
30400,36.04.15.2010,36.04.15,36.04,36,1238.0,3121.0,50.0
30401,36.04.15.2011,36.04.15,36.04,36,1326.0,3313.0,59.0
30402,36.04.16.2001,36.04.16,36.04,36,2233.0,5161.0,168.0
30403,36.04.16.2003,36.04.16,36.04,36,1545.0,3240.0,45.0
30404,36.04.17.2004,36.04.17,36.04,36,1951.0,4146.0,82.0
30405,36.04.16.2006,36.04.16,36.04,36,1555.0,3450.0,47.0
30406,36.04.16.2007,36.04.16,36.04,36,1437.0,3277.0,84.0
30407,36.04.16.2008,36.04.16,36.04,36,1848.0,4178.0,127.0
30408,36.04.17.2001,36.04.17,36.04,36,894.0,1768.0,65.0
30409,36.04.17.2009,36.04.17,36.04,36,1664.0,2672.0,73.0
30410,36.04.17.2010,36.04.17,36.04,36,1423.0,2819.0,26.0
30411,36.04.18.2001,36.04.18,36.04,36,1269.0,3063.0,79.0
30412,36.04.18.2002,36.04.18,36.04,36,1011.0,2558.0,86.0
30413,36.04.18.2003,36.04.18,36.04,36,544.0,1497.0,47.0
30414,36.04.18.2005,36.04.18,36.04,36,1164.0,2460.0,48.0
30415,36.04.18.2007,36.04.18,36.04,36,1471.0,3050.0,30.0
30416,36.04.19.2002,36.04.19,36.04,36,1200.0,2668.0,89.0
30417,36.04.19.2004,36.04.19,36.04,36,1485.0,3493.0,194.0
30418,36.04.19.2009,36.04.19,36.04,36,720.0,1909.0,80.0
30419,36.04.19.2010,36.04.19,36.04,36,864.0,1911.0,71.0
30420,36.04.19.2013,36.04.19,36.04,36,838.0,1986.0,30.0
30421,36.04.19.2014,36.04.19,36.04,36,882.0,2192.0,226.0
30422,36.04.19.2015,36.04.19,36.04,36,562.0,1304.0,18.0
30423,36.04.20.2001,36.04.20,36.04,36,1330.0,3109.0,158.0
30424,36.04.20.2003,36.04.20,36.04,36,1741.0,3687.0,45.0
30425,36.04.20.2006,36.04.20,36.04,36,1127.0,2347.0,18.0
30426,36.04.20.2008,36.04.20,36.04,36,1770.0,3696.0,117.0
30427,36.04.20.2009,36.04.20,36.04,36,659.0,1480.0,29.0
30428,36.04.22.2003,36.04.22,36.04,36,1715.0,3608.0,75.0
30429,36.04.22.2004,36.04.22,36.04,36,1456.0,2963.0,57.0
30430,36.04.22.2005,36.04.22,36.04,36,808.0,1856.0,20.0
30431,36.04.22.2007,36.04.22,36.04,36,1539.0,3339.0,71.0
30432,36.04.22.2010,36.04.22,36.04,36,1099.0,1940.0,41.0
30433,36.04.23.2002,36.04.23,36.04,36,1627.0,3818.0,157.0
30434,36.04.23.2005,36.04.23,36.04,36,1294.0,2818.0,68.0
30435,36.04.23.2006,36.04.23,36.04,36,961.0,2089.0,47.0
30436,36.04.23.2007,36.04.23,36.04,36,1455.0,3571.0,53.0
30437,36.04.23.2008,36.04.23,36.04,36,1754.0,4006.0,112.0
30438,36.04.23.2010,36.04.23,36.04,36,852.0,2094.0,49.0
30439,36.04.23.2014,36.04.23,36.04,36,856.0,2042.0,77.0
30440,36.04.23.2016,36.04.23,36.04,36,1378.0,2867.0,102.0
30441,36.04.24.2001,36.04.24,36.04,36,1685.0,3647.0,241.0
30442,36.04.24.2002,36.04.24,36.04,36,1849.0,3324.0,19.0
30443,36.04.24.2004,36.04.24,36.04,36,1527.0,3216.0,23.0
30444,36.04.24.2018,36.04.24,36.04,36,1238.0,2292.0,29.0
30445,36.04.25.2002,36.04.25,36.04,36,1475.0,3488.0,71.0
30446,36.04.28.2010,36.04.28,36.04,36,2166.0,5085.0,99.0
30447,36.04.25.2004,36.04.25,36.04,36,1467.0,3532.0,73.0
30448,36.04.25.2005,36.04.25,36.04,36,1468.0,3890.0,97.0
30449,36.04.25.2009,36.04.25,36.04,36,594.0,1630.0,17.0
30450,36.04.26.2001,36.04.26,36.04,36,2201.0,2994.0,133.0
30451,36.04.26.2002,36.04.26,36.04,36,1362.0,2618.0,45.0
30452,36.04.26.2003,36.04.26,36.04,36,2362.0,4609.0,156.0
30453,36.04.27.2001,36.04.27,36.04,36,1230.0,2650.0,38.0
30454,36.04.26.2004,36.04.26,36.04,36,2078.0,3860.0,44.0
30455,36.04.26.2005,36.04.26,36.04,36,2178.0,4334.0,70.0
30456,36.04.26.2007,36.04.26,36.04,36,1861.0,3894.0,46.0
30457,36.04.26.2008,36.04.26,36.04,36,2116.0,3887.0,97.0
30458,36.04.26.2009,36.04.26,36.04,36,2153.0,4908.0,128.0
30459,36.04.27.2003,36.04.27,36.04,36,1177.0,2775.0,32.0
30460,36.04.27.2009,36.04.27,36.04,36,763.0,1823.0,25.0
30461,36.04.27.2011,36.04.27,36.04,36,1022.0,2198.0,22.0
30462,36.04.29.2013,36.04.29,36.04,36,1076.0,2434.0,36.0
30463,36.04.28.2006,36.04.28,36.04,36,1455.0,3425.0,115.0
30464,36.04.28.2007,36.04.28,36.04,36,848.0,2229.0,37.0
30465,36.04.28.2009,36.04.28,36.04,36,1629.0,3812.0,82.0
30466,36.04.28.2012,36.04.28,36.04,36,1934.0,4541.0,103.0
30467,36.04.28.2015,36.04.28,36.04,36,410.0,943.0,13.0
30468,36.04.29.2001,36.04.29,36.04,36,1357.0,3132.0,112.0
30469,36.04.29.2014,36.04.29,36.04,36,729.0,1651.0,3.0
30470,36.04.29.2003,36.04.29,36.04,36,1070.0,2587.0,51.0
30471,36.04.29.2004,36.04.29,36.04,36,2202.0,4891.0,105.0
30472,36.04.29.2005,36.04.29,36.04,36,864.0,1881.0,85.0
30473,36.04.29.2006,36.04.29,36.04,36,1993.0,4490.0,170.0
30474,36.04.29.2007,36.04.29,36.04,36,794.0,1434.0,9.0
30475,36.04.29.2009,36.04.29,36.04,36,1101.0,2691.0,123.0
30476,36.04.29.2010,36.04.29,36.04,36,1380.0,2985.0,34.0
30477,36.04.29.2012,36.04.29,36.04,36,1375.0,2990.0,103.0
30478,36.04.30.2002,36.04.30,36.04,36,1137.0,2765.0,88.0
30479,36.04.30.2005,36.04.30,36.04,36,1380.0,3305.0,106.0
30480,36.04.30.2007,36.04.30,36.04,36,1438.0,3262.0,96.0
30481,36.04.30.2008,36.04.30,36.04,36,882.0,2095.0,57.0
30482,36.04.31.2001,36.04.31,36.04,36,1340.0,3536.0,167.0
30483,36.04.31.2002,36.04.31,36.04,36,1091.0,2440.0,129.0
30484,36.04.31.2007,36.04.31,36.04,36,997.0,2708.0,61.0
30485,36.04.31.2005,36.04.31,36.04,36,1546.0,3947.0,148.0
30486,36.04.31.2006,36.04.31,36.04,36,1069.0,3036.0,44.0
30487,36.04.31.2008,36.04.31,36.04,36,1008.0,2215.0,24.0
30488,36.04.31.2009,36.04.31,36.04,36,1114.0,2964.0,42.0
30489,36.04.31.2010,36.04.31,36.04,36,1489.0,3360.0,194.0
30490,36.04.31.2012,36.04.31,36.04,36,653.0,1525.0,22.0
30491,36.04.32.2001,36.04.32,36.04,36,1316.0,2571.0,72.0
30492,36.04.32.2003,36.04.32,36.04,36,1605.0,2794.0,27.0
30493,36.04.32.2006,36.04.32,36.04,36,850.0,1940.0,21.0
30494,36.04.32.2012,36.04.32,36.04,36,1465.0,3253.0,109.0
30495,36.04.33.2003,36.04.33,36.04,36,1304.0,2577.0,73.0
30496,36.04.32.2014,36.04.32,36.04,36,441.0,1096.0,21.0
30497,36.04.33.2002,36.04.33,36.04,36,1181.0,2421.0,54.0
30498,36.04.33.2004,36.04.33,36.04,36,739.0,1633.0,31.0
30499,36.04.33.2006,36.04.33,36.04,36,693.0,1264.0,10.0
30500,36.04.33.2007,36.04.33,36.04,36,760.0,1430.0,21.0
30501,36.04.34.2001,36.04.34,36.04,36,2161.0,5013.0,39.0
30502,36.04.34.2002,36.04.34,36.04,36,1483.0,3512.0,67.0
30503,36.04.34.2004,36.04.34,36.04,36,1112.0,2635.0,71.0
30504,36.04.34.2005,36.04.34,36.04,36,853.0,2010.0,36.0
30505,36.04.34.2006,36.04.34,36.04,36,1223.0,2769.0,66.0
30506,36.04.34.2008,36.04.34,36.04,36,1237.0,2362.0,24.0
30507,36.04.35.2002,36.04.35,36.04,36,1220.0,3020.0,28.0
30508,36.04.35.2003,36.04.35,36.04,36,810.0,1732.0,14.0
30509,36.71.01.1003,36.71.01,36.71,36,9157.0,21154.0,4203.0
30510,36.71.01.1004,36.71.01,36.71,36,6497.0,15903.0,2057.0
30511,36.71.01.1007,36.71.01,36.71,36,5601.0,14290.0,4142.0
30512,36.71.02.1001,36.71.02,36.71,36,4798.0,12792.0,1134.0
30513,36.71.02.1002,36.71.02,36.71,36,3817.0,10230.0,465.0
30514,36.71.02.1003,36.71.02,36.71,36,4265.0,10814.0,340.0
30515,36.71.03.1002,36.71.03,36.71,36,2588.0,6834.0,716.0
30516,36.71.03.1003,36.71.03,36.71,36,4431.0,11391.0,1598.0
30517,36.71.04.1003,36.71.04,36.71,36,3362.0,8595.0,400.0
30518,36.71.05.1001,36.71.05,36.71,36,6784.0,15400.0,3316.0
30519,36.71.05.1002,36.71.05,36.71,36,7448.0,18748.0,3407.0
30520,36.71.05.1006,36.71.05,36.71,36,4920.0,11747.0,2152.0
30521,36.71.05.1008,36.71.05,36.71,36,4451.0,9890.0,1774.0
30522,36.71.05.1010,36.71.05,36.71,36,5691.0,12722.0,4447.0
30523,36.71.07.1009,36.71.07,36.71,36,3681.0,9408.0,1844.0
30524,36.71.06.1005,36.71.06,36.71,36,4096.0,10323.0,2179.0
30525,36.71.06.1006,36.71.06,36.71,36,5240.0,13801.0,2563.0
30526,36.71.06.1007,36.71.06,36.71,36,3915.0,10140.0,1689.0
30527,36.71.06.1008,36.71.06,36.71,36,4223.0,10674.0,2348.0
30528,36.71.07.1001,36.71.07,36.71,36,1953.0,5012.0,362.0
30529,36.71.07.1010,36.71.07,36.71,36,4506.0,10936.0,1080.0
30530,36.71.07.1011,36.71.07,36.71,36,3487.0,9411.0,1174.0
30531,36.71.07.1012,36.71.07,36.71,36,1814.0,5018.0,693.0
30532,36.71.07.1015,36.71.07,36.71,36,1295.0,3500.0,565.0
30533,36.71.08.1004,36.71.08,36.71,36,6462.0,16770.0,1856.0
30534,36.71.08.1005,36.71.08,36.71,36,4286.0,11547.0,826.0
30535,36.71.09.1001,36.71.09,36.71,36,7661.0,18826.0,1803.0
30536,36.71.09.1002,36.71.09,36.71,36,8671.0,19337.0,6590.0
30537,36.71.09.1005,36.71.09,36.71,36,7454.0,20078.0,2333.0
30538,36.71.09.1006,36.71.09,36.71,36,4140.0,11496.0,509.0
30539,36.71.10.1001,36.71.10,36.71,36,5289.0,12463.0,606.0
30540,36.71.10.1002,36.71.10,36.71,36,6787.0,16852.0,1612.0
30541,36.71.10.1005,36.71.10,36.71,36,3215.0,8662.0,524.0
30542,36.71.10.1007,36.71.10,36.71,36,2960.0,6174.0,147.0
30543,36.71.11.1004,36.71.11,36.71,36,4177.0,8362.0,2833.0
30544,36.71.11.1008,36.71.11,36.71,36,2315.0,4948.0,301.0
30545,36.71.11.1009,36.71.11,36.71,36,2679.0,6905.0,537.0
30546,36.71.11.1011,36.71.11,36.71,36,864.0,2053.0,59.0
30547,36.71.12.1001,36.71.12,36.71,36,6521.0,16161.0,4922.0
30548,36.71.12.1002,36.71.12,36.71,36,3277.0,8062.0,2326.0
30549,36.71.12.1003,36.71.12,36.71,36,3158.0,8026.0,1769.0
30550,36.71.12.1004,36.71.12,36.71,36,3072.0,7427.0,2009.0
30551,36.71.12.1007,36.71.12,36.71,36,1813.0,3891.0,406.0
30552,36.71.13.1005,36.71.13,36.71,36,3340.0,7853.0,3314.0
30553,36.71.13.1006,36.71.13,36.71,36,5329.0,14203.0,3259.0
30554,36.71.13.1007,36.71.13,36.71,36,3898.0,9107.0,3006.0
30555,36.72.01.1002,36.72.01,36.72,36,2648.0,5764.0,1055.0
30556,36.72.01.1003,36.72.01,36.72,36,1716.0,3109.0,78.0
30557,36.72.01.1006,36.72.01,36.72,36,2176.0,4432.0,501.0
30558,36.72.03.1004,36.72.03,36.72,36,1976.0,4425.0,123.0
30559,36.72.02.1004,36.72.02,36.72,36,1948.0,4639.0,444.0
30560,36.72.02.1005,36.72.02,36.72,36,2936.0,6943.0,2173.0
30561,36.72.04.1001,36.72.04,36.72,36,2245.0,4599.0,198.0
30562,36.72.03.1003,36.72.03,36.72,36,3688.0,8285.0,494.0
30563,36.72.04.1003,36.72.04,36.72,36,2219.0,4768.0,426.0
30564,36.72.04.1004,36.72.04,36.72,36,2027.0,4672.0,206.0
30565,36.72.05.1003,36.72.05,36.72,36,3924.0,9213.0,1211.0
30566,36.72.05.1001,36.72.05,36.72,36,3195.0,7081.0,1090.0
30567,36.72.05.1004,36.72.05,36.72,36,2767.0,6386.0,1238.0
30568,36.72.05.1005,36.72.05,36.72,36,2327.0,4786.0,663.0
30569,36.72.06.1002,36.72.06,36.72,36,1346.0,2850.0,99.0
30570,36.72.06.1004,36.72.06,36.72,36,4047.0,8996.0,663.0
30571,36.72.07.1002,36.72.07,36.72,36,2428.0,5204.0,1829.0
30572,36.72.08.1001,36.72.08,36.72,36,4169.0,8469.0,1206.0
30573,36.72.08.1002,36.72.08,36.72,36,2544.0,5078.0,338.0
30574,36.72.08.1003,36.72.08,36.72,36,2187.0,5075.0,444.0
30575,36.73.03.1002,36.73.03,36.73,36,1300.0,2840.0,49.0
30576,36.72.08.1004,36.72.08,36.72,36,2233.0,4862.0,909.0
30577,36.73.03.1003,36.73.03,36.73,36,1298.0,2936.0,124.0
30578,36.73.01.1001,36.73.01,36.73,36,9163.0,15996.0,5282.0
30579,36.73.01.1002,36.73.01,36.73,36,7202.0,15968.0,2320.0
30580,36.73.01.1004,36.73.01,36.73,36,1749.0,4467.0,419.0
30581,36.73.01.1007,36.73.01,36.73,36,13164.0,24486.0,3457.0
30582,36.73.01.1009,36.73.01,36.73,36,2716.0,5617.0,1369.0
30583,36.73.01.1010,36.73.01,36.73,36,6713.0,12314.0,2279.0
30584,36.73.01.1011,36.73.01,36.73,36,2644.0,5452.0,547.0
30585,36.73.02.1001,36.73.02,36.73,36,5326.0,9879.0,696.0
30586,36.73.02.1002,36.73.02,36.73,36,3085.0,4684.0,74.0
30587,36.73.03.1004,36.73.03,36.73,36,2598.0,6282.0,223.0
30588,36.73.03.1006,36.73.03,36.73,36,1941.0,4091.0,295.0
30589,36.73.02.1007,36.73.02,36.73,36,5324.0,9878.0,237.0
30590,36.73.02.1008,36.73.02,36.73,36,3171.0,6509.0,113.0
30591,36.73.02.1010,36.73.02,36.73,36,3057.0,5220.0,153.0
30592,36.73.02.1011,36.73.02,36.73,36,2554.0,4646.0,69.0
30593,36.73.03.1007,36.73.03,36.73,36,3238.0,6568.0,235.0
30594,36.73.03.1011,36.73.03,36.73,36,1322.0,3022.0,48.0
30595,36.73.03.1013,36.73.03,36.73,36,998.0,2297.0,110.0
30596,36.73.04.1004,36.73.04,36.73,36,1126.0,3124.0,68.0
30597,36.73.04.1007,36.73.04,36.73,36,1265.0,2742.0,40.0
30598,36.73.04.1008,36.73.04,36.73,36,1423.0,3165.0,180.0
30599,36.73.05.1001,36.73.05,36.73,36,4668.0,7755.0,2069.0
30600,36.73.05.1002,36.73.05,36.73,36,2676.0,4627.0,630.0
30601,36.73.05.1005,36.73.05,36.73,36,6695.0,10333.0,2943.0
30602,36.73.06.1004,36.73.06,36.73,36,1453.0,2779.0,116.0
30603,36.73.06.1006,36.73.06,36.73,36,2764.0,5217.0,107.0
30604,36.73.06.1011,36.73.06,36.73,36,2386.0,4260.0,471.0
30605,36.74.01.1001,36.74.01,36.74,36,7248.0,11860.0,4074.0
30606,36.74.04.1005,36.74.04,36.74,36,5067.0,11805.0,2248.0
30607,36.74.01.1002,36.74.01,36.74,36,6304.0,12549.0,7881.0
30608,36.74.01.1003,36.74.01,36.74,36,4290.0,8173.0,4044.0
30609,36.74.01.1006,36.74.01,36.74,36,4703.0,11140.0,1535.0
30610,36.74.01.1007,36.74.01,36.74,36,2650.0,5965.0,2270.0
30611,36.74.01.1008,36.74.01,36.74,36,2561.0,5844.0,1480.0
30612,36.74.02.1002,36.74.02,36.74,36,3821.0,9111.0,1779.0
30613,36.74.02.1004,36.74.02,36.74,36,4803.0,10247.0,4094.0
30614,36.74.02.1005,36.74.02,36.74,36,4940.0,9335.0,3249.0
30615,36.74.02.1006,36.74.02,36.74,36,7288.0,15689.0,7078.0
30616,36.74.02.1007,36.74.02,36.74,36,1978.0,4327.0,960.0
30617,36.74.03.1001,36.74.03,36.74,36,7157.0,20947.0,4760.0
30618,36.74.03.1003,36.74.03,36.74,36,5793.0,14543.0,4529.0
30619,36.74.03.1008,36.74.03,36.74,36,4970.0,10699.0,2813.0
30620,36.74.03.1011,36.74.03,36.74,36,6847.0,16588.0,5272.0
30621,36.74.04.1003,36.74.04,36.74,36,5822.0,15821.0,2517.0
30622,36.74.04.1006,36.74.04,36.74,36,10267.0,23614.0,4922.0
30623,36.74.05.1003,36.74.05,36.74,36,7680.0,18560.0,7843.0
30624,36.74.05.1004,36.74.05,36.74,36,5532.0,14974.0,3894.0
30625,36.74.05.1005,36.74.05,36.74,36,5353.0,16050.0,4482.0
30626,36.74.06.1001,36.74.06,36.74,36,11456.0,27309.0,10968.0
30627,36.74.06.1002,36.74.06,36.74,36,9751.0,21666.0,8257.0
30628,36.74.06.1003,36.74.06,36.74,36,12098.0,26410.0,9174.0
30629,36.74.07.1001,36.74.07,36.74,36,2927.0,6314.0,564.0
30630,36.74.07.1002,36.74.07,36.74,36,3434.0,7000.0,2605.0
30631,36.74.07.1005,36.74.07,36.74,36,3087.0,5722.0,1371.0
30632,36.74.07.1006,36.74.07,36.74,36,4643.0,9220.0,3005.0
30633,36.01.19.2010,36.01.19,36.01,36,1409.0,3368.0,292.0
30634,36.01.22.2003,36.01.22,36.01,36,600.0,1364.0,9.0
30635,36.04.11.2005,36.04.11,36.04,36,1152.0,2373.0,46.0
30636,36.04.12.2001,36.04.12,36.04,36,1162.0,2728.0,220.0
30637,36.01.01.2001,36.01.01,36.01,36,1212.0,2882.0,92.0
30638,36.01.01.2004,36.01.01,36.01,36,950.0,2133.0,39.0
30639,36.01.12.2004,36.01.12,36.01,36,2010.0,4419.0,286.0
30640,36.01.01.2006,36.01.01,36.01,36,871.0,2004.0,78.0
30641,36.01.02.2002,36.01.02,36.01,36,757.0,1995.0,64.0
30642,36.01.02.2011,36.01.02,36.01,36,733.0,1841.0,100.0
30643,36.01.02.2008,36.01.02,36.01,36,799.0,1833.0,111.0
30644,36.01.02.2009,36.01.02,36.01,36,606.0,1699.0,34.0
30645,36.01.10.2006,36.01.10,36.01,36,976.0,2742.0,169.0
30646,36.01.02.2012,36.01.02,36.01,36,882.0,2083.0,33.0
30647,36.01.03.2001,36.01.03,36.01,36,867.0,1971.0,39.0
30648,36.01.03.2006,36.01.03,36.01,36,603.0,1226.0,21.0
30649,36.01.03.2016,36.01.03,36.01,36,970.0,1222.0,12.0
30650,36.01.03.2012,36.01.03,36.01,36,1060.0,2449.0,69.0
30651,36.01.03.2015,36.01.03,36.01,36,1092.0,2310.0,31.0
30652,36.01.04.2001,36.01.04,36.01,36,1738.0,3218.0,54.0
30653,36.01.04.2003,36.01.04,36.01,36,932.0,1907.0,64.0
30654,36.01.04.2005,36.01.04,36.01,36,848.0,1347.0,18.0
30655,36.01.04.2006,36.01.04,36.01,36,1582.0,2702.0,74.0
30656,36.01.07.2002,36.01.07,36.01,36,767.0,1551.0,39.0
30657,36.01.04.2009,36.01.04,36.01,36,775.0,1466.0,26.0
30658,36.01.04.2013,36.01.04,36.01,36,1056.0,2228.0,68.0
30659,36.01.04.2014,36.01.04,36.01,36,1875.0,3769.0,150.0
30660,36.01.12.2012,36.01.12,36.01,36,2506.0,5386.0,160.0
30661,36.01.05.2001,36.01.05,36.01,36,1087.0,2426.0,28.0
30662,36.01.05.2002,36.01.05,36.01,36,866.0,1776.0,48.0
30663,36.01.12.2013,36.01.12,36.01,36,2137.0,4502.0,305.0
30664,36.01.07.2003,36.01.07,36.01,36,649.0,1509.0,49.0
30665,36.01.05.2005,36.01.05,36.01,36,1042.0,2259.0,52.0
30666,36.01.05.2006,36.01.05,36.01,36,1195.0,2706.0,48.0
30667,36.01.05.2010,36.01.05,36.01,36,1097.0,2126.0,24.0
30668,36.01.06.2002,36.01.06,36.01,36,1298.0,3238.0,102.0
30669,36.01.06.2004,36.01.06,36.01,36,1043.0,2727.0,74.0
30670,36.01.13.2006,36.01.13,36.01,36,635.0,1691.0,128.0
30671,36.01.06.2009,36.01.06,36.01,36,3336.0,7310.0,203.0
30672,36.01.07.2005,36.01.07,36.01,36,872.0,2348.0,85.0
30673,36.01.13.2011,36.01.13,36.01,36,1894.0,4492.0,492.0
30674,36.01.07.2001,36.01.07,36.01,36,1147.0,2813.0,83.0
30675,36.01.09.2005,36.01.09,36.01,36,562.0,1423.0,88.0
30676,36.01.08.2002,36.01.08,36.01,36,1157.0,2519.0,69.0
30677,36.01.08.2006,36.01.08,36.01,36,880.0,2040.0,37.0
30678,36.01.08.2007,36.01.08,36.01,36,629.0,1474.0,40.0
30679,36.01.09.2006,36.01.09,36.01,36,883.0,1708.0,96.0
30680,36.01.08.2008,36.01.08,36.01,36,685.0,1662.0,197.0
30681,36.01.08.2009,36.01.08,36.01,36,635.0,1759.0,79.0
30682,36.01.08.2011,36.01.08,36.01,36,559.0,1282.0,65.0
30683,36.01.09.2004,36.01.09,36.01,36,1002.0,2556.0,82.0
30684,36.01.09.2009,36.01.09,36.01,36,947.0,1788.0,81.0
30685,36.01.09.2010,36.01.09,36.01,36,684.0,1993.0,22.0
30686,36.01.09.2011,36.01.09,36.01,36,450.0,1074.0,47.0
30687,36.01.09.2013,36.01.09,36.01,36,1363.0,2903.0,105.0
30688,36.01.10.2002,36.01.10,36.01,36,958.0,2183.0,110.0
30689,36.01.13.2012,36.01.13,36.01,36,820.0,2234.0,76.0
30690,36.01.10.2005,36.01.10,36.01,36,1127.0,2684.0,82.0
30691,36.01.11.2001,36.01.11,36.01,36,1853.0,4121.0,35.0
30692,36.01.11.2002,36.01.11,36.01,36,1441.0,3434.0,145.0
30693,36.01.11.2004,36.01.11,36.01,36,1122.0,2771.0,143.0
30694,36.01.11.2008,36.01.11,36.01,36,1642.0,3487.0,35.0
30695,36.01.12.2002,36.01.12,36.01,36,2983.0,6994.0,584.0
30696,36.01.13.2005,36.01.13,36.01,36,1620.0,4036.0,659.0
30697,36.01.13.2013,36.01.13,36.01,36,588.0,1487.0,89.0
30698,36.01.14.2002,36.01.14,36.01,36,794.0,1675.0,74.0
30699,36.01.14.2012,36.01.14,36.01,36,675.0,1691.0,49.0
30700,36.01.14.2013,36.01.14,36.01,36,1312.0,2730.0,210.0
30701,36.01.14.2008,36.01.14,36.01,36,450.0,985.0,27.0
30702,36.01.14.2009,36.01.14,36.01,36,982.0,2232.0,56.0
30703,36.01.14.2011,36.01.14,36.01,36,1257.0,2875.0,227.0
30704,36.01.15.2001,36.01.15,36.01,36,1222.0,2994.0,281.0
30705,36.01.15.2002,36.01.15,36.01,36,907.0,2094.0,52.0
30706,36.01.15.2006,36.01.15,36.01,36,700.0,1641.0,33.0
30707,36.01.15.2008,36.01.15,36.01,36,540.0,1373.0,12.0
30708,36.01.16.2001,36.01.16,36.01,36,698.0,1549.0,185.0
30709,36.01.16.2012,36.01.16,36.01,36,630.0,1683.0,71.0
30710,36.01.16.2005,36.01.16,36.01,36,764.0,1843.0,48.0
30711,36.01.16.2006,36.01.16,36.01,36,597.0,1618.0,57.0
30712,36.01.16.2007,36.01.16,36.01,36,338.0,980.0,17.0
30713,36.01.16.2008,36.01.16,36.01,36,386.0,1257.0,44.0
30714,36.01.16.2013,36.01.16,36.01,36,845.0,2131.0,100.0
30715,36.01.17.2002,36.01.17,36.01,36,1354.0,2890.0,126.0
30716,36.01.17.2003,36.01.17,36.01,36,1283.0,2903.0,192.0
30717,36.01.17.2007,36.01.17,36.01,36,1088.0,2090.0,40.0
30718,36.01.17.2009,36.01.17,36.01,36,1106.0,2227.0,40.0
30719,36.01.17.2011,36.01.17,36.01,36,850.0,1869.0,30.0
30720,36.01.17.2013,36.01.17,36.01,36,753.0,1629.0,9.0
30721,36.01.18.2002,36.01.18,36.01,36,1280.0,2991.0,336.0
30722,36.01.18.2005,36.01.18,36.01,36,1095.0,2505.0,84.0
30723,36.01.18.2006,36.01.18,36.01,36,1318.0,3016.0,87.0
30724,36.01.18.2015,36.01.18,36.01,36,695.0,1644.0,60.0
30725,36.01.19.2002,36.01.19,36.01,36,618.0,1173.0,19.0
30726,36.01.19.2003,36.01.19,36.01,36,1512.0,3373.0,195.0
30727,36.01.19.2005,36.01.19,36.01,36,2026.0,3786.0,62.0
30728,36.01.19.2006,36.01.19,36.01,36,1133.0,2481.0,172.0
30729,36.01.19.2007,36.01.19,36.01,36,1271.0,3008.0,239.0
30730,36.01.19.2009,36.01.19,36.01,36,612.0,1534.0,38.0
30731,36.01.20.2005,36.01.20,36.01,36,520.0,1179.0,11.0
30732,36.01.20.2008,36.01.20,36.01,36,1223.0,2937.0,55.0
30733,36.01.20.2010,36.01.20,36.01,36,666.0,1671.0,96.0
30734,36.01.21.1003,36.01.21,36.01,36,1674.0,3806.0,80.0
30735,36.01.21.1004,36.01.21,36.01,36,2986.0,6737.0,780.0
30736,36.01.22.2005,36.01.22,36.01,36,841.0,1753.0,38.0
30737,36.01.22.2008,36.01.22,36.01,36,1334.0,3197.0,253.0
30738,36.01.23.2003,36.01.23,36.01,36,687.0,1513.0,139.0
30739,36.01.23.2005,36.01.23,36.01,36,437.0,1226.0,25.0
30740,36.01.23.2006,36.01.23,36.01,36,896.0,2228.0,135.0
30741,36.01.23.2008,36.01.23,36.01,36,555.0,1226.0,50.0
30742,36.01.24.2018,36.01.24,36.01,36,731.0,1509.0,25.0
30743,36.01.24.2014,36.01.24,36.01,36,995.0,2196.0,17.0
30744,36.01.24.2015,36.01.24,36.01,36,1031.0,2497.0,47.0
30745,36.01.24.2017,36.01.24,36.01,36,641.0,1458.0,21.0
30746,36.01.25.1001,36.01.25,36.01,36,2101.0,5308.0,578.0
30747,36.01.25.1003,36.01.25,36.01,36,2202.0,5172.0,332.0
30748,36.01.25.1014,36.01.25,36.01,36,2298.0,4899.0,173.0
30749,36.01.28.2001,36.01.28,36.01,36,1032.0,2798.0,77.0
30750,36.01.26.2002,36.01.26,36.01,36,685.0,1719.0,83.0
30751,36.01.26.2003,36.01.26,36.01,36,1491.0,3427.0,278.0
30752,36.01.26.2005,36.01.26,36.01,36,1493.0,3598.0,240.0
30753,36.01.26.2007,36.01.26,36.01,36,506.0,1393.0,57.0
30754,36.01.27.2004,36.01.27,36.01,36,1045.0,1966.0,66.0
30755,36.01.27.2008,36.01.27,36.01,36,474.0,1005.0,22.0
30756,36.01.27.2009,36.01.27,36.01,36,523.0,1055.0,35.0
30757,36.01.28.2008,36.01.28,36.01,36,597.0,1292.0,32.0
30758,36.01.28.2009,36.01.28,36.01,36,431.0,1081.0,26.0
30759,36.01.29.2001,36.01.29,36.01,36,572.0,1166.0,10.0
30760,36.01.33.2001,36.01.33,36.01,36,496.0,1210.0,52.0
30761,36.01.29.2010,36.01.29,36.01,36,974.0,2276.0,53.0
30762,36.04.35.2008,36.04.35,36.04,36,1182.0,2253.0,26.0
30763,36.01.30.2005,36.01.30,36.01,36,558.0,1307.0,12.0
30764,36.01.30.2007,36.01.30,36.01,36,518.0,1219.0,10.0
30765,36.01.30.2008,36.01.30,36.01,36,717.0,1536.0,11.0
30766,36.01.32.2007,36.01.32,36.01,36,923.0,1851.0,35.0
30767,36.01.31.2003,36.01.31,36.01,36,944.0,2403.0,112.0
30768,36.01.31.2005,36.01.31,36.01,36,545.0,1214.0,21.0
30769,36.01.31.2007,36.01.31,36.01,36,602.0,1469.0,28.0
30770,36.01.31.2008,36.01.31,36.01,36,718.0,1385.0,72.0
30771,36.01.32.2004,36.01.32,36.01,36,892.0,1998.0,137.0
30772,36.01.33.2003,36.01.33,36.01,36,396.0,826.0,16.0
30773,36.01.33.2006,36.01.33,36.01,36,584.0,1465.0,40.0
30774,36.01.33.2010,36.01.33,36.01,36,481.0,1036.0,20.0
30775,36.01.33.2011,36.01.33,36.01,36,384.0,897.0,9.0
30776,36.01.33.2012,36.01.33,36.01,36,358.0,800.0,17.0
30777,36.01.34.1001,36.01.34,36.01,36,3337.0,7494.0,1024.0
30778,36.01.35.2001,36.01.35,36.01,36,1833.0,3681.0,78.0
30779,36.02.09.2019,36.02.09,36.02,36,563.0,1620.0,27.0
30780,36.01.35.2002,36.01.35,36.01,36,1109.0,2754.0,84.0
30781,36.01.35.2004,36.01.35,36.01,36,1348.0,2906.0,96.0
30782,36.02.01.2013,36.02.01,36.02,36,1317.0,2866.0,81.0
30783,36.02.01.2014,36.02.01,36.02,36,2060.0,4363.0,126.0
30784,36.02.01.2018,36.02.01,36.02,36,1114.0,2635.0,302.0
30785,36.02.01.2023,36.02.01,36.02,36,1784.0,3668.0,136.0
30786,36.02.02.2002,36.02.02,36.02,36,981.0,2581.0,222.0
30787,36.02.02.2009,36.02.02,36.02,36,586.0,2104.0,8.0
30788,36.02.02.2011,36.02.02,36.02,36,1092.0,3023.0,86.0
30789,36.02.02.2017,36.02.02,36.02,36,471.0,1257.0,83.0
30790,36.02.09.2021,36.02.09,36.02,36,383.0,975.0,14.0
30791,36.02.02.2018,36.02.02,36.02,36,840.0,2102.0,150.0
30792,36.02.02.2019,36.02.02,36.02,36,509.0,1740.0,22.0
30793,36.02.03.2001,36.02.03,36.02,36,2119.0,4664.0,590.0
30794,36.02.03.2002,36.02.03,36.02,36,1369.0,3282.0,84.0
30795,36.02.03.2011,36.02.03,36.02,36,884.0,2034.0,72.0
30796,36.02.03.2013,36.02.03,36.02,36,1499.0,3694.0,161.0
30797,36.02.03.2014,36.02.03,36.02,36,760.0,2149.0,39.0
30798,36.02.03.2017,36.02.03,36.02,36,518.0,1496.0,40.0
30799,36.02.05.2006,36.02.05,36.02,36,786.0,1993.0,31.0
30800,36.02.03.2018,36.02.03,36.02,36,1164.0,2833.0,101.0
30801,36.02.04.2009,36.02.04,36.02,36,1028.0,2626.0,48.0
30802,36.02.04.2016,36.02.04,36.02,36,1097.0,2227.0,24.0
30803,36.02.04.2020,36.02.04,36.02,36,704.0,1634.0,20.0
30804,36.02.05.2003,36.02.05,36.02,36,870.0,1500.0,11.0
30805,36.02.05.2004,36.02.05,36.02,36,1204.0,2429.0,159.0
30806,36.02.05.2005,36.02.05,36.02,36,1057.0,2144.0,122.0
30807,36.02.05.2007,36.02.05,36.02,36,826.0,1827.0,17.0
30808,36.02.05.2008,36.02.05,36.02,36,1239.0,1874.0,29.0
30809,36.02.05.2012,36.02.05,36.02,36,983.0,2168.0,32.0
30810,36.02.05.2019,36.02.05,36.02,36,830.0,1796.0,24.0
30811,36.02.06.2004,36.02.06,36.02,36,1473.0,2979.0,65.0
30812,36.02.17.2011,36.02.17,36.02,36,868.0,1947.0,35.0
30813,36.02.06.2006,36.02.06,36.02,36,1163.0,1859.0,24.0
30814,36.02.06.2007,36.02.06,36.02,36,1703.0,3365.0,26.0
30815,36.02.06.2009,36.02.06,36.02,36,565.0,1259.0,18.0
30816,36.02.06.2010,36.02.06,36.02,36,1153.0,2701.0,91.0
30817,36.02.06.2011,36.02.06,36.02,36,1180.0,2297.0,36.0
30818,36.02.07.2004,36.02.07,36.02,36,763.0,1819.0,100.0
30819,36.02.07.2008,36.02.07,36.02,36,447.0,1257.0,9.0
30820,36.02.07.2012,36.02.07,36.02,36,1075.0,1642.0,19.0
30821,36.02.07.2014,36.02.07,36.02,36,898.0,1371.0,12.0
30822,36.02.09.2020,36.02.09,36.02,36,618.0,1360.0,8.0
30823,36.02.07.2017,36.02.07,36.02,36,426.0,725.0,11.0
30824,36.02.08.2001,36.02.08,36.02,36,1014.0,2404.0,194.0
30825,36.02.08.2002,36.02.08,36.02,36,649.0,1736.0,41.0
30826,36.02.08.2004,36.02.08,36.02,36,806.0,1818.0,11.0
30827,36.02.08.2005,36.02.08,36.02,36,1351.0,3001.0,76.0
30828,36.02.08.2009,36.02.08,36.02,36,657.0,1826.0,59.0
30829,36.02.09.2003,36.02.09,36.02,36,880.0,2276.0,62.0
30830,36.02.08.2011,36.02.08,36.02,36,1289.0,2422.0,57.0
30831,36.02.08.2012,36.02.08,36.02,36,473.0,1518.0,8.0
30832,36.02.09.2001,36.02.09,36.02,36,1021.0,2419.0,102.0
30833,36.02.09.2002,36.02.09,36.02,36,736.0,1677.0,58.0
30834,36.02.09.2004,36.02.09,36.02,36,616.0,1764.0,27.0
30835,36.02.09.2005,36.02.09,36.02,36,1152.0,2914.0,32.0
30836,36.02.09.2006,36.02.09,36.02,36,1404.0,3122.0,97.0
30837,36.02.09.2009,36.02.09,36.02,36,869.0,2562.0,138.0
30838,36.02.09.2011,36.02.09,36.02,36,681.0,2136.0,149.0
30839,36.02.09.2013,36.02.09,36.02,36,779.0,2437.0,39.0
30840,36.02.09.2014,36.02.09,36.02,36,736.0,2384.0,16.0
30841,36.02.09.2017,36.02.09,36.02,36,1005.0,2338.0,39.0
30842,36.02.10.2001,36.02.10,36.02,36,926.0,2695.0,49.0
30843,36.02.10.2003,36.02.10,36.02,36,971.0,2390.0,94.0
30844,36.02.10.2004,36.02.10,36.02,36,1234.0,2991.0,114.0
30845,36.02.12.2001,36.02.12,36.02,36,1176.0,2434.0,23.0
30846,36.02.10.2012,36.02.10,36.02,36,1622.0,4270.0,55.0
30847,36.02.11.2002,36.02.11,36.02,36,1361.0,2818.0,47.0
30848,36.02.11.2003,36.02.11,36.02,36,1488.0,3532.0,70.0
30849,36.02.12.2002,36.02.12,36.02,36,986.0,2118.0,107.0
30850,36.02.11.2005,36.02.11,36.02,36,1248.0,2879.0,93.0
30851,36.02.11.2009,36.02.11,36.02,36,1040.0,2497.0,6.0
30852,36.02.11.2010,36.02.11,36.02,36,1122.0,2323.0,26.0
30853,36.02.11.2012,36.02.11,36.02,36,1264.0,2653.0,21.0
30854,36.71.07.1003,36.71.07,36.71,36,3822.0,8581.0,2940.0
30855,36.02.11.2013,36.02.11,36.02,36,751.0,1778.0,13.0
30856,36.02.11.2014,36.02.11,36.02,36,1121.0,2535.0,101.0
30857,36.02.11.2015,36.02.11,36.02,36,1124.0,2377.0,52.0
30858,36.02.12.2012,36.02.12,36.02,36,510.0,1212.0,24.0
30859,36.02.11.2016,36.02.11,36.02,36,1112.0,2266.0,14.0
30860,36.02.11.2017,36.02.11,36.02,36,1132.0,2209.0,5.0
30861,36.02.12.2003,36.02.12,36.02,36,998.0,2008.0,23.0
30862,36.02.12.2005,36.02.12,36.02,36,1441.0,3166.0,182.0
30863,36.02.12.2006,36.02.12,36.02,36,1283.0,2042.0,39.0
30864,36.02.12.2009,36.02.12,36.02,36,1450.0,2903.0,82.0
30865,36.02.12.2011,36.02.12,36.02,36,995.0,1944.0,93.0
30866,36.02.13.2005,36.02.13,36.02,36,1038.0,2218.0,41.0
30867,36.02.13.2007,36.02.13,36.02,36,1179.0,2771.0,53.0
30868,36.02.13.2008,36.02.13,36.02,36,1399.0,2812.0,53.0
30869,36.02.13.2009,36.02.13,36.02,36,827.0,2041.0,36.0
30870,36.02.13.2015,36.02.13,36.02,36,1636.0,3775.0,47.0
30871,36.02.13.2016,36.02.13,36.02,36,1694.0,3397.0,93.0
30872,36.02.13.2020,36.02.13,36.02,36,1093.0,2404.0,31.0
30873,36.02.13.2023,36.02.13,36.02,36,947.0,2317.0,115.0
30874,36.02.14.1002,36.02.14,36.02,36,2165.0,4855.0,661.0
30875,36.02.14.1006,36.02.14,36.02,36,3551.0,7848.0,443.0
30876,36.02.14.1007,36.02.14,36.02,36,2662.0,6051.0,672.0
30877,36.02.14.1008,36.02.14,36.02,36,3116.0,6888.0,798.0
30878,36.02.14.1012,36.02.14,36.02,36,5327.0,12630.0,1934.0
30879,36.02.14.2001,36.02.14,36.02,36,1790.0,3206.0,31.0
30880,36.02.14.2011,36.02.14,36.02,36,1294.0,2942.0,63.0
30881,36.02.14.2016,36.02.14,36.02,36,1464.0,3302.0,66.0
30882,36.02.14.2019,36.02.14,36.02,36,1516.0,3237.0,70.0
30883,36.02.15.2001,36.02.15,36.02,36,1952.0,3943.0,186.0
30884,36.02.15.2006,36.02.15,36.02,36,1820.0,3751.0,62.0
30885,36.02.18.2008,36.02.18,36.02,36,1108.0,2507.0,58.0
30886,36.02.15.2010,36.02.15,36.02,36,1623.0,3427.0,260.0
30887,36.02.15.2011,36.02.15,36.02,36,1154.0,2505.0,75.0
30888,36.02.18.2015,36.02.18,36.02,36,1091.0,2191.0,631.0
30889,36.02.16.2006,36.02.16,36.02,36,934.0,2721.0,39.0
30890,36.02.17.2012,36.02.17,36.02,36,1376.0,2733.0,75.0
30891,36.02.16.2012,36.02.16,36.02,36,672.0,1884.0,11.0
30892,36.02.16.2017,36.02.16,36.02,36,495.0,1468.0,22.0
30893,36.02.16.2015,36.02.16,36.02,36,402.0,1038.0,8.0
30894,36.02.16.2018,36.02.16,36.02,36,723.0,1303.0,22.0
30895,36.02.17.2001,36.02.17,36.02,36,964.0,2119.0,18.0
30896,36.02.17.2002,36.02.17,36.02,36,1648.0,2943.0,53.0
30897,36.02.17.2006,36.02.17,36.02,36,1863.0,4307.0,106.0
30898,36.02.17.2007,36.02.17,36.02,36,1526.0,3407.0,47.0
30899,36.02.17.2010,36.02.17,36.02,36,2021.0,4629.0,158.0
30900,36.02.18.2002,36.02.18,36.02,36,2223.0,4856.0,479.0
30901,36.02.18.2003,36.02.18,36.02,36,900.0,2084.0,55.0
30902,36.02.18.2004,36.02.18,36.02,36,1577.0,3723.0,71.0
30903,36.02.18.2009,36.02.18,36.02,36,1173.0,2173.0,27.0
30904,36.02.18.2012,36.02.18,36.02,36,547.0,1141.0,32.0
30905,36.02.18.2013,36.02.18,36.02,36,1375.0,2864.0,138.0
30906,36.02.19.2001,36.02.19,36.02,36,1243.0,2663.0,140.0
30907,36.02.19.2002,36.02.19,36.02,36,1183.0,2265.0,77.0
30908,36.02.19.2003,36.02.19,36.02,36,564.0,1437.0,48.0
30909,36.02.20.2005,36.02.20,36.02,36,1296.0,3801.0,87.0
30910,36.02.19.2005,36.02.19,36.02,36,489.0,1267.0,19.0
30911,36.02.19.2008,36.02.19,36.02,36,652.0,1616.0,196.0
30912,36.02.19.2010,36.02.19,36.02,36,906.0,1461.0,24.0
30913,36.03.11.2013,36.03.11,36.03,36,3295.0,6487.0,180.0
30914,36.02.19.2013,36.02.19,36.02,36,590.0,1245.0,12.0
30915,36.02.19.2015,36.02.19,36.02,36,681.0,1035.0,24.0
30916,36.02.19.2014,36.02.19,36.02,36,722.0,1652.0,14.0
30917,36.02.20.2002,36.02.20,36.02,36,631.0,1401.0,42.0
30918,36.02.20.2003,36.02.20,36.02,36,804.0,2450.0,45.0
30919,36.02.20.2004,36.02.20,36.02,36,1047.0,3187.0,127.0
30920,36.02.21.2002,36.02.21,36.02,36,1433.0,3538.0,50.0
30921,36.02.21.2003,36.02.21,36.02,36,547.0,1483.0,16.0
30922,36.02.21.2006,36.02.21,36.02,36,943.0,2651.0,38.0
30923,36.02.21.2009,36.02.21,36.02,36,824.0,2365.0,14.0
30924,36.02.21.2011,36.02.21,36.02,36,851.0,2532.0,42.0
30925,36.02.22.2004,36.02.22,36.02,36,837.0,1953.0,54.0
30926,36.02.22.2006,36.02.22,36.02,36,1776.0,2542.0,34.0
30927,36.03.01.2010,36.03.01,36.03,36,2681.0,6895.0,312.0
30928,36.02.22.2009,36.02.22,36.02,36,372.0,1069.0,22.0
30929,36.02.23.2002,36.02.23,36.02,36,926.0,2314.0,65.0
30930,36.02.23.2004,36.02.23,36.02,36,681.0,1546.0,20.0
30931,36.02.23.2005,36.02.23,36.02,36,1527.0,1933.0,53.0
30932,36.02.23.2007,36.02.23,36.02,36,1644.0,3270.0,66.0
30933,36.02.23.2008,36.02.23,36.02,36,1183.0,2456.0,38.0
30934,36.02.23.2010,36.02.23,36.02,36,759.0,1501.0,44.0
30935,36.02.24.2001,36.02.24,36.02,36,1464.0,2840.0,118.0
30936,36.02.24.2003,36.02.24,36.02,36,1603.0,3076.0,268.0
30937,36.02.24.2004,36.02.24,36.02,36,1970.0,3862.0,449.0
30938,36.02.24.2005,36.02.24,36.02,36,1940.0,3164.0,23.0
30939,36.02.25.2001,36.02.25,36.02,36,1812.0,3479.0,129.0
30940,36.02.25.2002,36.02.25,36.02,36,983.0,2088.0,40.0
30941,36.02.27.2004,36.02.27,36.02,36,1003.0,2060.0,73.0
30942,36.02.25.2004,36.02.25,36.02,36,575.0,1542.0,26.0
30943,36.02.25.2005,36.02.25,36.02,36,896.0,2239.0,36.0
30944,36.02.25.2006,36.02.25,36.02,36,831.0,1776.0,4.0
30945,36.02.26.2001,36.02.26,36.02,36,1047.0,2842.0,94.0
30946,36.02.26.2002,36.02.26,36.02,36,936.0,2220.0,42.0
30947,36.02.26.2003,36.02.26,36.02,36,1232.0,3190.0,30.0
30948,36.02.26.2006,36.02.26,36.02,36,515.0,1644.0,18.0
30949,36.02.26.2007,36.02.26,36.02,36,915.0,2691.0,50.0
30950,36.02.26.2008,36.02.26,36.02,36,934.0,2454.0,41.0
30951,36.02.27.2005,36.02.27,36.02,36,956.0,1950.0,27.0
30952,36.02.27.2006,36.02.27,36.02,36,2087.0,1591.0,18.0
30953,36.03.01.2011,36.03.01,36.03,36,3127.0,7982.0,163.0
30954,36.02.27.2010,36.02.27,36.02,36,743.0,1029.0,5.0
30955,36.02.28.2001,36.02.28,36.02,36,944.0,2622.0,21.0
30956,36.03.01.2003,36.03.01,36.03,36,4454.0,9777.0,571.0
30957,36.02.28.2003,36.02.28,36.02,36,460.0,1156.0,8.0
30958,36.02.28.2005,36.02.28,36.02,36,953.0,1886.0,34.0
30959,36.02.28.2006,36.02.28,36.02,36,543.0,1231.0,13.0
30960,36.02.28.2007,36.02.28,36.02,36,506.0,1606.0,22.0
30961,36.02.28.2008,36.02.28,36.02,36,1056.0,728.0,6.0
30962,36.03.01.2014,36.03.01,36.03,36,7676.0,19992.0,1588.0
30963,36.03.01.2016,36.03.01,36.03,36,1638.0,4367.0,244.0
30964,36.03.02.2001,36.03.02,36.03,36,1525.0,3910.0,47.0
30965,36.03.02.2002,36.03.02,36.03,36,1481.0,4516.0,82.0
30966,36.03.02.2005,36.03.02,36.03,36,2195.0,5780.0,177.0
30967,36.03.02.2006,36.03.02,36.03,36,2878.0,6903.0,223.0
30968,36.03.02.2007,36.03.02,36.03,36,2006.0,4620.0,105.0
30969,36.03.02.2008,36.03.02,36.03,36,3112.0,7808.0,389.0
30970,36.03.02.2009,36.03.02,36.03,36,1161.0,3141.0,284.0
30971,36.03.03.1007,36.03.03,36.03,36,1938.0,4778.0,541.0
30972,36.03.03.2003,36.03.03,36.03,36,3087.0,6938.0,321.0
30973,36.03.03.2004,36.03.03,36.03,36,6833.0,14735.0,1005.0
30974,36.03.03.2012,36.03.03,36.03,36,3010.0,5849.0,268.0
30975,36.03.03.2013,36.03.03,36.03,36,2309.0,5428.0,162.0
30976,36.03.04.2002,36.03.04,36.03,36,1888.0,3910.0,161.0
30977,36.03.04.2007,36.03.04,36.03,36,1062.0,2380.0,49.0
30978,36.03.04.2008,36.03.04,36.03,36,1044.0,2376.0,23.0
30979,36.03.04.2009,36.03.04,36.03,36,852.0,1776.0,31.0
30980,36.03.05.2001,36.03.05,36.03,36,2680.0,5761.0,150.0
30981,36.03.05.2004,36.03.05,36.03,36,2941.0,6687.0,298.0
30982,36.03.05.2006,36.03.05,36.03,36,1756.0,4590.0,80.0
30983,36.03.05.2007,36.03.05,36.03,36,2273.0,5501.0,183.0
30984,36.03.05.2009,36.03.05,36.03,36,1679.0,4336.0,72.0
30985,36.03.05.2014,36.03.05,36.03,36,1690.0,3559.0,65.0
30986,36.03.06.2003,36.03.06,36.03,36,1427.0,4661.0,150.0
30987,36.03.06.2007,36.03.06,36.03,36,2065.0,6430.0,191.0
30988,36.03.06.2011,36.03.06,36.03,36,1652.0,4422.0,172.0
30989,36.03.06.2013,36.03.06,36.03,36,995.0,3113.0,64.0
30990,36.03.06.2014,36.03.06,36.03,36,1378.0,4439.0,80.0
30991,36.03.32.2005,36.03.32,36.03,36,1429.0,2815.0,17.0
30992,36.03.07.2001,36.03.07,36.03,36,1677.0,4752.0,299.0
30993,36.03.07.2002,36.03.07,36.03,36,1583.0,3789.0,101.0
30994,36.03.07.2006,36.03.07,36.03,36,1029.0,2621.0,77.0
30995,36.03.07.2007,36.03.07,36.03,36,1261.0,3270.0,118.0
30996,36.03.33.2003,36.03.33,36.03,36,1330.0,3457.0,69.0
30997,36.03.07.2008,36.03.07,36.03,36,1516.0,3990.0,107.0
30998,36.03.07.2009,36.03.07,36.03,36,1116.0,3658.0,132.0
30999,36.03.07.2010,36.03.07,36.03,36,1256.0,4272.0,180.0
31000,36.03.07.2013,36.03.07,36.03,36,1630.0,5064.0,125.0
31001,36.03.07.2017,36.03.07,36.03,36,860.0,2689.0,39.0
31002,36.03.08.1002,36.03.08,36.03,36,1459.0,3704.0,407.0
31003,36.03.08.2001,36.03.08,36.03,36,1606.0,4256.0,122.0
31004,36.03.08.2003,36.03.08,36.03,36,2388.0,6199.0,239.0
31005,36.03.08.2008,36.03.08,36.03,36,1946.0,5226.0,132.0
31006,36.03.09.2003,36.03.09,36.03,36,2155.0,3561.0,59.0
31007,36.03.09.2007,36.03.09,36.03,36,1435.0,2572.0,9.0
31008,36.03.10.2001,36.03.10,36.03,36,1457.0,3802.0,54.0
31009,36.03.10.2008,36.03.10,36.03,36,2451.0,5864.0,235.0
31010,36.03.10.2003,36.03.10,36.03,36,1372.0,3862.0,112.0
31011,36.03.10.2004,36.03.10,36.03,36,3024.0,6994.0,247.0
31012,36.03.10.2005,36.03.10,36.03,36,2179.0,4528.0,97.0
31013,36.03.10.2006,36.03.10,36.03,36,2100.0,5899.0,211.0
31014,36.03.10.2007,36.03.10,36.03,36,1444.0,3699.0,137.0
31015,36.03.11.2003,36.03.11,36.03,36,2999.0,5859.0,152.0
31016,36.03.11.2006,36.03.11,36.03,36,2761.0,4874.0,155.0
31017,36.03.11.2008,36.03.11,36.03,36,2021.0,4633.0,262.0
31018,36.03.11.2011,36.03.11,36.03,36,3040.0,5477.0,163.0
31019,36.03.11.2012,36.03.11,36.03,36,1805.0,3677.0,52.0
31020,36.03.12.1005,36.03.12,36.03,36,9809.0,18919.0,1069.0
31021,36.03.12.1010,36.03.12,36.03,36,10484.0,26151.0,2639.0
31022,36.03.12.2001,36.03.12,36.03,36,5906.0,13566.0,637.0
31023,36.03.14.1001,36.03.14,36.03,36,1231.0,3340.0,47.0
31024,36.03.12.2008,36.03.12,36.03,36,8579.0,18103.0,1155.0
31025,36.03.12.2011,36.03.12,36.03,36,3844.0,8091.0,230.0
31026,36.03.12.2013,36.03.12,36.03,36,10016.0,21731.0,2783.0
31027,36.03.12.2015,36.03.12,36.03,36,4023.0,9154.0,372.0
31028,36.03.13.2001,36.03.13,36.03,36,3334.0,8903.0,386.0
31029,36.03.13.2002,36.03.13,36.03,36,3625.0,8636.0,316.0
31030,36.03.13.2004,36.03.13,36.03,36,3670.0,8641.0,188.0
31031,36.03.13.2008,36.03.13,36.03,36,1273.0,2186.0,14.0
31032,36.03.13.2009,36.03.13,36.03,36,1789.0,4250.0,65.0
31033,36.03.13.2011,36.03.13,36.03,36,2567.0,6260.0,146.0
31034,36.03.13.2012,36.03.13,36.03,36,2040.0,4526.0,88.0
31035,36.03.14.1010,36.03.14,36.03,36,4189.0,13648.0,680.0
31036,36.03.14.2002,36.03.14,36.03,36,2880.0,6651.0,164.0
31037,36.03.14.2007,36.03.14,36.03,36,3141.0,7814.0,174.0
31038,36.03.15.1001,36.03.15,36.03,36,3300.0,6424.0,290.0
31039,36.03.15.2005,36.03.15,36.03,36,1572.0,2615.0,51.0
31040,36.03.15.2009,36.03.15,36.03,36,2511.0,4198.0,127.0
31041,36.03.15.2010,36.03.15,36.03,36,3321.0,4200.0,109.0
31042,36.03.22.2012,36.03.22,36.03,36,1258.0,3812.0,63.0
31043,36.03.16.2004,36.03.16,36.03,36,1677.0,4543.0,91.0
31044,36.03.16.2011,36.03.16,36.03,36,4505.0,10744.0,850.0
31045,36.03.17.1001,36.03.17,36.03,36,4458.0,11675.0,879.0
31046,36.03.17.2010,36.03.17,36.03,36,3367.0,8557.0,398.0
31047,36.03.18.1003,36.03.18,36.03,36,2990.0,7983.0,240.0
31048,36.04.22.2014,36.04.22,36.04,36,1133.0,2434.0,31.0
31049,36.03.18.2004,36.03.18,36.03,36,3817.0,10014.0,339.0
31050,36.03.18.2006,36.03.18,36.03,36,3726.0,8630.0,724.0
31051,36.03.18.2007,36.03.18,36.03,36,3970.0,9301.0,1743.0
31052,36.03.18.2008,36.03.18,36.03,36,2393.0,6296.0,193.0
31053,36.03.18.2009,36.03.18,36.03,36,2692.0,7869.0,329.0
31054,36.03.18.2011,36.03.18,36.03,36,3793.0,10171.0,379.0
31055,36.03.18.2012,36.03.18,36.03,36,5177.0,13492.0,566.0
31056,36.03.20.2002,36.03.20,36.03,36,2847.0,6363.0,414.0
31057,36.03.19.1002,36.03.19,36.03,36,6110.0,12093.0,2553.0
31058,36.03.28.1004,36.03.28,36.03,36,3971.0,10458.0,3927.0
31059,36.03.19.2001,36.03.19,36.03,36,3400.0,7723.0,141.0
31060,36.03.19.2005,36.03.19,36.03,36,2601.0,5985.0,365.0
31061,36.03.32.2001,36.03.32,36.03,36,1481.0,3098.0,45.0
31062,36.03.20.2003,36.03.20,36.03,36,3788.0,9089.0,782.0
31063,36.03.20.2004,36.03.20,36.03,36,2212.0,4945.0,62.0
31064,36.03.20.2008,36.03.20,36.03,36,1993.0,4266.0,78.0
31065,36.03.20.2010,36.03.20,36.03,36,2083.0,5127.0,185.0
31066,36.03.20.2012,36.03.20,36.03,36,1835.0,4324.0,167.0
31067,36.03.22.2003,36.03.22,36.03,36,2506.0,6743.0,1300.0
31068,36.03.22.2005,36.03.22,36.03,36,1448.0,4494.0,130.0
31069,36.04.23.2012,36.04.23,36.04,36,845.0,1734.0,17.0
31070,36.03.22.2008,36.03.22,36.03,36,1954.0,5376.0,207.0
31071,36.03.22.2009,36.03.22,36.03,36,1294.0,3706.0,431.0
31072,36.03.22.2010,36.03.22,36.03,36,1749.0,5198.0,176.0
31073,36.03.23.1001,36.03.23,36.03,36,3695.0,9739.0,715.0
31074,36.03.23.2006,36.03.23,36.03,36,1844.0,3793.0,1251.0
31075,36.03.23.2011,36.03.23,36.03,36,3884.0,9116.0,1624.0
31076,36.71.07.1004,36.71.07,36.71,36,3926.0,9430.0,1835.0
31077,36.03.27.2001,36.03.27,36.03,36,1514.0,4260.0,172.0
31078,36.03.27.2002,36.03.27,36.03,36,2059.0,5927.0,227.0
31079,36.03.27.2004,36.03.27,36.03,36,1267.0,3631.0,67.0
31080,36.03.27.2005,36.03.27,36.03,36,3171.0,8948.0,568.0
31081,36.03.27.2006,36.03.27,36.03,36,1993.0,5358.0,370.0
31082,36.03.32.2002,36.03.32,36.03,36,1551.0,2984.0,68.0
31083,36.03.27.2007,36.03.27,36.03,36,2147.0,5411.0,117.0
31084,36.03.28.1002,36.03.28,36.03,36,7839.0,23680.0,7322.0
31085,36.03.32.2003,36.03.32,36.03,36,1915.0,3753.0,62.0
31086,36.03.29.2003,36.03.29,36.03,36,4531.0,9487.0,326.0
31087,36.03.29.2005,36.03.29,36.03,36,5138.0,8753.0,255.0
31088,36.03.29.2006,36.03.29,36.03,36,3865.0,7166.0,196.0
31089,36.03.30.2002,36.03.30,36.03,36,6260.0,16172.0,726.0
31090,36.03.30.2003,36.03.30,36.03,36,2931.0,4908.0,76.0
31091,36.03.30.2005,36.03.30,36.03,36,3561.0,9343.0,180.0
31092,36.03.30.2006,36.03.30,36.03,36,2126.0,5694.0,61.0
31093,36.03.30.2008,36.03.30,36.03,36,2265.0,5867.0,139.0
31094,36.03.31.2001,36.03.31,36.03,36,2675.0,6265.0,161.0
31095,36.03.31.2003,36.03.31,36.03,36,5095.0,13905.0,747.0
31096,36.03.31.2004,36.03.31,36.03,36,1350.0,3293.0,53.0
31097,36.03.31.2007,36.03.31,36.03,36,2556.0,6362.0,363.0
31098,36.03.32.2007,36.03.32,36.03,36,2642.0,4674.0,61.0
31099,36.03.32.2008,36.03.32,36.03,36,1292.0,3074.0,56.0
31100,36.03.32.2009,36.03.32,36.03,36,1308.0,3123.0,71.0
31101,36.03.33.2001,36.03.33,36.03,36,1209.0,2314.0,91.0
31102,36.03.33.2005,36.03.33,36.03,36,901.0,1777.0,22.0
31103,36.03.33.2006,36.03.33,36.03,36,1983.0,3286.0,93.0
31104,36.03.33.2008,36.03.33,36.03,36,1451.0,3244.0,125.0
31105,36.04.05.2002,36.04.05,36.04,36,1780.0,2755.0,254.0
31106,36.04.05.2005,36.04.05,36.04,36,3233.0,6851.0,1460.0
31107,36.04.06.2011,36.04.06,36.04,36,1093.0,1854.0,9.0
31108,36.04.05.2010,36.04.05,36.04,36,1653.0,3388.0,129.0
31109,36.04.05.2012,36.04.05,36.04,36,1482.0,2740.0,341.0
31110,36.04.05.2013,36.04.05,36.04,36,2468.0,5152.0,607.0
31111,36.04.05.2014,36.04.05,36.04,36,488.0,1221.0,19.0
31112,36.04.06.2006,36.04.06,36.04,36,2356.0,4671.0,128.0
31113,36.04.06.2008,36.04.06,36.04,36,1344.0,2839.0,99.0
31114,36.04.06.2009,36.04.06,36.04,36,699.0,1338.0,23.0
31115,36.04.06.2010,36.04.06,36.04,36,627.0,1271.0,11.0
31116,36.04.07.2001,36.04.07,36.04,36,1644.0,3454.0,237.0
31117,36.04.07.2003,36.04.07,36.04,36,850.0,1975.0,71.0
31118,36.04.07.2004,36.04.07,36.04,36,1430.0,3541.0,84.0
31119,36.04.07.2005,36.04.07,36.04,36,1273.0,2947.0,99.0
31120,36.04.07.2006,36.04.07,36.04,36,1598.0,3186.0,221.0
31121,36.04.09.2003,36.04.09,36.04,36,1774.0,3971.0,89.0
31122,36.04.07.2007,36.04.07,36.04,36,1810.0,4020.0,363.0
31123,36.04.08.2001,36.04.08,36.04,36,781.0,1742.0,100.0
31124,36.04.08.2002,36.04.08,36.04,36,1374.0,3050.0,203.0
31125,36.04.08.2006,36.04.08,36.04,36,2345.0,4579.0,121.0
31126,36.04.08.2008,36.04.08,36.04,36,1299.0,2411.0,119.0
31127,36.04.09.2001,36.04.09,36.04,36,840.0,1459.0,22.0
31128,36.04.09.2002,36.04.09,36.04,36,1835.0,3892.0,469.0
31129,36.04.09.2006,36.04.09,36.04,36,668.0,1520.0,25.0
31130,36.04.09.2009,36.04.09,36.04,36,1370.0,2748.0,42.0
31131,36.04.09.2010,36.04.09,36.04,36,1234.0,2315.0,37.0
31132,36.04.09.2013,36.04.09,36.04,36,1085.0,2669.0,109.0
31133,36.04.09.2014,36.04.09,36.04,36,4811.0,8385.0,773.0
31134,36.04.09.2015,36.04.09,36.04,36,1040.0,2612.0,79.0
31135,36.04.09.2016,36.04.09,36.04,36,1320.0,2704.0,76.0
31136,36.04.11.2001,36.04.11,36.04,36,2957.0,6145.0,474.0
31137,36.04.11.2002,36.04.11,36.04,36,1577.0,3574.0,64.0
31138,36.04.11.2006,36.04.11,36.04,36,1573.0,3574.0,85.0
31139,36.04.11.2011,36.04.11,36.04,36,3968.0,7372.0,361.0
31140,36.04.11.2013,36.04.11,36.04,36,2681.0,5685.0,189.0
31141,36.04.12.2004,36.04.12,36.04,36,1066.0,2952.0,66.0
31142,36.04.12.2006,36.04.12,36.04,36,953.0,2487.0,128.0
31143,36.04.12.2008,36.04.12,36.04,36,1447.0,3474.0,120.0
31144,36.04.14.2003,36.04.14,36.04,36,1519.0,2544.0,97.0
31145,36.04.12.2009,36.04.12,36.04,36,1287.0,3204.0,91.0
31146,36.04.14.2004,36.04.14,36.04,36,1250.0,1588.0,57.0
31147,36.04.13.2001,36.04.13,36.04,36,1276.0,2166.0,291.0
31148,36.04.13.2002,36.04.13,36.04,36,931.0,1825.0,53.0
31149,36.04.13.2003,36.04.13,36.04,36,842.0,1682.0,53.0
31150,36.04.13.2005,36.04.13,36.04,36,986.0,1882.0,110.0
31151,36.04.13.2008,36.04.13,36.04,36,1496.0,2323.0,108.0
31152,36.04.13.2011,36.04.13,36.04,36,1227.0,1472.0,28.0
31153,36.04.13.2012,36.04.13,36.04,36,997.0,1740.0,18.0
31154,36.04.13.2014,36.04.13,36.04,36,914.0,1808.0,82.0
31155,36.04.14.2002,36.04.14,36.04,36,1684.0,2836.0,68.0
31156,36.04.14.2005,36.04.14,36.04,36,2380.0,3630.0,137.0
31157,36.04.14.2006,36.04.14,36.04,36,1489.0,2122.0,42.0
31158,36.04.15.2002,36.04.15,36.04,36,2001.0,4906.0,131.0
31159,36.04.15.2006,36.04.15,36.04,36,1724.0,4075.0,21.0
31160,36.04.15.2007,36.04.15,36.04,36,1794.0,4953.0,66.0
31161,36.04.15.2012,36.04.15,36.04,36,1073.0,2949.0,61.0
31162,36.04.16.2002,36.04.16,36.04,36,1143.0,2567.0,38.0
31163,36.04.16.2004,36.04.16,36.04,36,1865.0,3973.0,59.0
31164,36.04.16.2005,36.04.16,36.04,36,2238.0,5185.0,136.0
31165,36.04.16.2009,36.04.16,36.04,36,2112.0,4542.0,101.0
31166,36.04.17.2002,36.04.17,36.04,36,1334.0,2603.0,115.0
31167,36.04.17.2003,36.04.17,36.04,36,1595.0,3147.0,124.0
31168,36.04.17.2006,36.04.17,36.04,36,1992.0,3684.0,83.0
31169,36.04.17.2007,36.04.17,36.04,36,1280.0,3237.0,73.0
31170,36.71.07.1005,36.71.07,36.71,36,4742.0,11943.0,2118.0
31171,36.04.18.2004,36.04.18,36.04,36,2043.0,4451.0,40.0
31172,36.04.18.2006,36.04.18,36.04,36,1376.0,2453.0,22.0
31173,36.04.19.2001,36.04.19,36.04,36,1669.0,3563.0,203.0
31174,36.04.19.2008,36.04.19,36.04,36,1024.0,2353.0,95.0
31175,36.04.19.2003,36.04.19,36.04,36,2189.0,4889.0,134.0
31176,36.04.19.2005,36.04.19,36.04,36,693.0,1889.0,52.0
31177,36.04.19.2006,36.04.19,36.04,36,1246.0,2511.0,8.0
31178,36.04.19.2007,36.04.19,36.04,36,1357.0,2954.0,15.0
31179,36.04.19.2011,36.04.19,36.04,36,806.0,1564.0,6.0
31180,36.04.19.2012,36.04.19,36.04,36,1435.0,2943.0,212.0
31181,36.04.27.2007,36.04.27,36.04,36,1451.0,3116.0,151.0
31182,36.04.20.2002,36.04.20,36.04,36,2037.0,4080.0,91.0
31183,36.04.20.2007,36.04.20,36.04,36,1506.0,3337.0,49.0
31184,36.04.20.2004,36.04.20,36.04,36,2245.0,4737.0,106.0
31185,36.04.20.2005,36.04.20,36.04,36,1019.0,2635.0,64.0
31186,36.04.22.2001,36.04.22,36.04,36,1838.0,3747.0,215.0
31187,36.04.22.2002,36.04.22,36.04,36,1213.0,2251.0,25.0
31188,36.04.22.2008,36.04.22,36.04,36,1128.0,2257.0,25.0
31189,36.04.22.2009,36.04.22,36.04,36,1719.0,3539.0,289.0
31190,36.04.22.2011,36.04.22,36.04,36,909.0,1775.0,30.0
31191,36.04.22.2012,36.04.22,36.04,36,891.0,1884.0,19.0
31192,36.04.22.2013,36.04.22,36.04,36,786.0,1458.0,7.0
31193,36.04.23.2001,36.04.23,36.04,36,1535.0,3866.0,166.0
31194,36.04.23.2003,36.04.23,36.04,36,790.0,2021.0,47.0
31195,36.04.23.2004,36.04.23,36.04,36,1270.0,2811.0,70.0
31196,36.04.23.2009,36.04.23,36.04,36,1472.0,3715.0,29.0
31197,36.04.23.2011,36.04.23,36.04,36,1095.0,2252.0,223.0
31198,36.04.23.2013,36.04.23,36.04,36,1256.0,2727.0,71.0
31199,36.04.23.2015,36.04.23,36.04,36,1890.0,4003.0,48.0
31200,36.04.23.2017,36.04.23,36.04,36,1094.0,2363.0,49.0
31201,36.04.24.2003,36.04.24,36.04,36,2004.0,4366.0,32.0
31202,36.04.24.2005,36.04.24,36.04,36,1756.0,3127.0,19.0
31203,36.04.24.2006,36.04.24,36.04,36,1218.0,2725.0,20.0
31204,36.04.24.2007,36.04.24,36.04,36,2093.0,4372.0,69.0
31205,36.04.24.2008,36.04.24,36.04,36,1924.0,4377.0,104.0
31206,36.04.24.2010,36.04.24,36.04,36,2052.0,4445.0,57.0
31207,36.04.25.2001,36.04.25,36.04,36,946.0,2276.0,88.0
31208,36.04.25.2003,36.04.25,36.04,36,2304.0,5150.0,162.0
31209,36.04.25.2006,36.04.25,36.04,36,1861.0,4611.0,92.0
31210,36.04.25.2007,36.04.25,36.04,36,1027.0,2888.0,83.0
31211,36.04.25.2008,36.04.25,36.04,36,1495.0,3526.0,108.0
31212,36.71.07.1006,36.71.07,36.71,36,3884.0,9123.0,1607.0
31213,36.04.25.2010,36.04.25,36.04,36,1105.0,2886.0,113.0
31214,36.04.26.2006,36.04.26,36.04,36,2621.0,4826.0,112.0
31215,36.04.27.2002,36.04.27,36.04,36,800.0,1871.0,18.0
31216,36.04.27.2004,36.04.27,36.04,36,1138.0,2708.0,79.0
31217,36.04.27.2005,36.04.27,36.04,36,837.0,1950.0,116.0
31218,36.04.27.2006,36.04.27,36.04,36,994.0,2607.0,52.0
31219,36.71.07.1007,36.71.07,36.71,36,2863.0,6786.0,1111.0
31220,36.04.27.2008,36.04.27,36.04,36,720.0,2113.0,40.0
31221,36.04.27.2010,36.04.27,36.04,36,790.0,1755.0,22.0
31222,36.04.28.2001,36.04.28,36.04,36,1744.0,4485.0,93.0
31223,36.71.07.1008,36.71.07,36.71,36,1533.0,3819.0,474.0
31224,36.04.28.2013,36.04.28,36.04,36,896.0,2328.0,114.0
31225,36.04.29.2002,36.04.29,36.04,36,1392.0,3164.0,29.0
31226,36.04.30.2011,36.04.30,36.04,36,1065.0,2584.0,90.0
31227,36.04.29.2008,36.04.29,36.04,36,2281.0,4662.0,88.0
31228,36.04.29.2011,36.04.29,36.04,36,1404.0,3499.0,152.0
31229,36.04.30.2001,36.04.30,36.04,36,2121.0,5040.0,521.0
31230,36.04.30.2003,36.04.30,36.04,36,1601.0,3944.0,206.0
31231,36.04.30.2004,36.04.30,36.04,36,780.0,1938.0,88.0
31232,36.04.30.2006,36.04.30,36.04,36,1094.0,2763.0,55.0
31233,36.04.30.2009,36.04.30,36.04,36,1854.0,3853.0,272.0
31234,36.04.30.2010,36.04.30,36.04,36,935.0,2532.0,56.0
31235,36.04.30.2012,36.04.30,36.04,36,1114.0,2319.0,119.0
31236,36.04.31.2003,36.04.31,36.04,36,698.0,1967.0,40.0
31237,36.04.31.2004,36.04.31,36.04,36,913.0,2597.0,77.0
31238,36.04.31.2011,36.04.31,36.04,36,1941.0,4767.0,180.0
31239,36.04.31.2013,36.04.31,36.04,36,738.0,1791.0,25.0
31240,36.04.31.2014,36.04.31,36.04,36,367.0,797.0,24.0
31241,36.04.32.2002,36.04.32,36.04,36,1269.0,1916.0,5.0
31242,36.04.32.2004,36.04.32,36.04,36,1144.0,2124.0,14.0
31243,36.04.32.2005,36.04.32,36.04,36,532.0,1027.0,5.0
31244,36.04.32.2007,36.04.32,36.04,36,899.0,1933.0,55.0
31245,36.04.32.2008,36.04.32,36.04,36,729.0,1638.0,18.0
31246,36.04.32.2009,36.04.32,36.04,36,731.0,1710.0,50.0
31247,36.04.32.2010,36.04.32,36.04,36,693.0,1663.0,59.0
31248,36.04.32.2011,36.04.32,36.04,36,1576.0,3923.0,126.0
31249,36.04.32.2013,36.04.32,36.04,36,588.0,1372.0,50.0
31250,36.04.33.2001,36.04.33,36.04,36,1369.0,2584.0,49.0
31251,36.04.33.2005,36.04.33,36.04,36,1078.0,2204.0,26.0
31252,36.04.34.2003,36.04.34,36.04,36,1420.0,3326.0,52.0
31253,36.04.34.2007,36.04.34,36.04,36,934.0,2057.0,10.0
31254,36.04.35.2001,36.04.35,36.04,36,910.0,2093.0,28.0
31255,36.04.35.2004,36.04.35,36.04,36,765.0,1535.0,12.0
31256,36.04.35.2005,36.04.35,36.04,36,779.0,1994.0,66.0
31257,36.04.35.2006,36.04.35,36.04,36,1036.0,2136.0,98.0
31258,36.04.35.2007,36.04.35,36.04,36,1743.0,2975.0,46.0
31259,36.04.35.2009,36.04.35,36.04,36,1492.0,3263.0,44.0
31260,36.04.35.2010,36.04.35,36.04,36,1271.0,2958.0,31.0
31261,36.71.01.1001,36.71.01,36.71,36,1534.0,4121.0,1033.0
31262,36.71.01.1002,36.71.01,36.71,36,1442.0,3174.0,889.0
31263,36.71.01.1005,36.71.01,36.71,36,7600.0,18007.0,3133.0
31264,36.71.01.1006,36.71.01,36.71,36,2596.0,6228.0,2080.0
31265,36.71.01.1008,36.71.01,36.71,36,4905.0,11255.0,1742.0
31266,36.71.02.1004,36.71.02,36.71,36,6357.0,15202.0,757.0
31267,36.71.02.1005,36.71.02,36.71,36,4107.0,10302.0,297.0
31268,36.71.02.1006,36.71.02,36.71,36,4805.0,13436.0,628.0
31269,36.71.03.1001,36.71.03,36.71,36,3396.0,8572.0,1801.0
31270,36.71.03.1004,36.71.03,36.71,36,2880.0,7159.0,535.0
31271,36.71.03.1006,36.71.03,36.71,36,4476.0,11211.0,718.0
31272,36.71.03.1007,36.71.03,36.71,36,2457.0,5946.0,970.0
31273,36.71.04.1001,36.71.04,36.71,36,5375.0,14094.0,1213.0
31274,36.71.04.1002,36.71.04,36.71,36,4742.0,11964.0,900.0
31275,36.71.04.1004,36.71.04,36.71,36,2081.0,4985.0,264.0
31276,36.71.05.1003,36.71.05,36.71,36,5489.0,14682.0,2928.0
31277,36.71.05.1004,36.71.05,36.71,36,5303.0,12240.0,1310.0
31278,36.71.05.1005,36.71.05,36.71,36,4103.0,9090.0,1053.0
31279,36.71.05.1007,36.71.05,36.71,36,3457.0,8721.0,1124.0
31280,36.71.05.1009,36.71.05,36.71,36,5944.0,12780.0,2192.0
31281,36.71.06.1001,36.71.06,36.71,36,4580.0,11453.0,2143.0
31282,36.71.06.1002,36.71.06,36.71,36,4381.0,11143.0,2487.0
31283,36.71.06.1003,36.71.06,36.71,36,2642.0,6988.0,2051.0
31284,36.71.06.1004,36.71.06,36.71,36,3904.0,9751.0,3009.0
31285,36.71.07.1002,36.71.07,36.71,36,2299.0,5697.0,559.0
31286,36.71.07.1013,36.71.07,36.71,36,2758.0,7180.0,869.0
31287,36.71.07.1014,36.71.07,36.71,36,2078.0,5772.0,711.0
31288,36.71.07.1016,36.71.07,36.71,36,2411.0,5900.0,657.0
31289,36.71.08.1001,36.71.08,36.71,36,6173.0,15215.0,2147.0
31290,36.71.08.1002,36.71.08,36.71,36,7328.0,20738.0,2037.0
31291,36.71.08.1003,36.71.08,36.71,36,9508.0,25072.0,4255.0
31292,36.71.09.1003,36.71.09,36.71,36,4196.0,10154.0,4656.0
31293,36.71.09.1004,36.71.09,36.71,36,5324.0,11578.0,3774.0
31294,36.71.10.1003,36.71.10,36.71,36,5032.0,11408.0,570.0
31295,36.71.10.1004,36.71.10,36.71,36,5350.0,11644.0,633.0
31296,36.71.10.1006,36.71.10,36.71,36,3920.0,8903.0,1473.0
31297,36.71.11.1001,36.71.11,36.71,36,4987.0,11301.0,3442.0
31298,36.71.11.1002,36.71.11,36.71,36,4477.0,10687.0,2205.0
31299,36.71.11.1003,36.71.11,36.71,36,4198.0,10279.0,1652.0
31300,36.71.11.1005,36.71.11,36.71,36,7984.0,19809.0,4277.0
31301,36.71.11.1006,36.71.11,36.71,36,2613.0,5895.0,346.0
31302,36.71.11.1007,36.71.11,36.71,36,4163.0,8195.0,2142.0
31303,36.71.11.1010,36.71.11,36.71,36,6030.0,14002.0,2556.0
31304,36.71.12.1006,36.71.12,36.71,36,4128.0,11526.0,3200.0
31305,36.71.12.1005,36.71.12,36.71,36,3881.0,10771.0,1889.0
31306,36.71.13.1001,36.71.13,36.71,36,5657.0,14254.0,2985.0
31307,36.71.13.1002,36.71.13,36.71,36,4350.0,11066.0,2846.0
31308,36.71.13.1003,36.71.13,36.71,36,4465.0,12474.0,1786.0
31309,36.71.13.1004,36.71.13,36.71,36,3359.0,8811.0,2226.0
31310,36.71.13.1008,36.71.13,36.71,36,3846.0,10380.0,1875.0
31311,36.72.01.1001,36.72.01,36.72,36,5428.0,11622.0,3685.0
31312,36.72.01.1004,36.72.01,36.72,36,1210.0,2272.0,55.0
31313,36.72.01.1005,36.72.01,36.72,36,2767.0,6348.0,576.0
31314,36.72.02.1001,36.72.02,36.72,36,1232.0,3153.0,118.0
31315,36.72.02.1002,36.72.02,36.72,36,3113.0,7103.0,1983.0
31316,36.72.02.1003,36.72.02,36.72,36,2803.0,5813.0,1157.0
31317,36.72.03.1001,36.72.03,36.72,36,4568.0,10643.0,423.0
31318,36.72.03.1002,36.72.03,36.72,36,4203.0,8434.0,557.0
31319,36.72.04.1002,36.72.04,36.72,36,3092.0,6888.0,537.0
31320,36.72.04.1005,36.72.04,36.72,36,2346.0,5209.0,241.0
31321,36.72.04.1006,36.72.04,36.72,36,2653.0,5510.0,317.0
31322,36.72.05.1002,36.72.05,36.72,36,5949.0,13875.0,1811.0
31323,36.72.06.1001,36.72.06,36.72,36,2516.0,4529.0,1539.0
31324,36.72.06.1003,36.72.06,36.72,36,4387.0,9829.0,1051.0
31325,36.72.07.1005,36.72.07,36.72,36,1560.0,3215.0,189.0
31326,36.72.07.1001,36.72.07,36.72,36,608.0,1406.0,283.0
31327,36.72.07.1003,36.72.07,36.72,36,4066.0,8674.0,1955.0
31328,36.72.07.1004,36.72.07,36.72,36,1821.0,4221.0,417.0
31329,36.72.07.1006,36.72.07,36.72,36,1001.0,2404.0,181.0
31330,36.72.08.1005,36.72.08,36.72,36,3410.0,7859.0,855.0
31331,36.72.08.1006,36.72.08,36.72,36,2793.0,6340.0,470.0
31332,36.72.08.1007,36.72.08,36.72,36,4359.0,10362.0,1684.0
31333,36.73.01.1003,36.73.01,36.73,36,5732.0,11790.0,3352.0
31334,36.73.01.1005,36.73.01,36.73,36,4742.0,10196.0,1067.0
31335,36.73.01.1006,36.73.01,36.73,36,7170.0,15513.0,1323.0
31336,36.73.01.1008,36.73.01,36.73,36,1882.0,3199.0,56.0
31337,36.73.01.1012,36.73.01,36.73,36,4459.0,9497.0,1008.0
31338,36.73.02.1003,36.73.02,36.73,36,3199.0,5004.0,55.0
31339,36.73.02.1004,36.73.02,36.73,36,4672.0,5049.0,128.0
31340,36.73.02.1006,36.73.02,36.73,36,2602.0,4215.0,29.0
31341,36.73.02.1009,36.73.02,36.73,36,3300.0,4271.0,27.0
31342,36.73.03.1001,36.73.03,36.73,36,1065.0,2622.0,147.0
31343,36.73.03.1008,36.73.03,36.73,36,2235.0,4275.0,524.0
31344,36.73.03.1009,36.73.03,36.73,36,1943.0,3913.0,359.0
31345,36.73.03.1010,36.73.03,36.73,36,4327.0,7478.0,1123.0
31346,36.73.03.1012,36.73.03,36.73,36,1315.0,2919.0,68.0
31347,36.73.03.1014,36.73.03,36.73,36,3559.0,7251.0,702.0
31348,36.73.04.1001,36.73.04,36.73,36,1289.0,2956.0,95.0
31349,36.73.04.1002,36.73.04,36.73,36,1792.0,3773.0,98.0
31350,36.73.04.1003,36.73.04,36.73,36,2427.0,5077.0,121.0
31351,36.73.04.1005,36.73.04,36.73,36,2668.0,5287.0,594.0
31352,36.73.04.1006,36.73.04,36.73,36,1651.0,3359.0,53.0
31353,36.73.04.1009,36.73.04,36.73,36,1418.0,3312.0,35.0
31354,36.73.04.1010,36.73.04,36.73,36,1412.0,2842.0,67.0
31355,36.73.05.1007,36.73.05,36.73,36,2685.0,3384.0,1315.0
31356,36.73.05.1003,36.73.05,36.73,36,4087.0,7617.0,1007.0
31357,36.73.05.1004,36.73.05,36.73,36,4815.0,7397.0,1442.0
31358,36.73.05.1006,36.73.05,36.73,36,2754.0,4251.0,362.0
31359,36.73.05.1008,36.73.05,36.73,36,2798.0,4983.0,116.0
31360,36.73.06.1001,36.73.06,36.73,36,2773.0,5134.0,216.0
31361,36.73.06.1002,36.73.06,36.73,36,2103.0,3924.0,38.0
31362,36.73.06.1003,36.73.06,36.73,36,1637.0,3229.0,75.0
31363,36.73.06.1005,36.73.06,36.73,36,1465.0,2223.0,23.0
31364,36.73.06.1007,36.73.06,36.73,36,2597.0,4527.0,682.0
31365,36.73.06.1008,36.73.06,36.73,36,5828.0,11157.0,2237.0
31366,36.73.06.1009,36.73.06,36.73,36,1471.0,3181.0,89.0
31367,36.74.04.1004,36.74.04,36.74,36,7242.0,18029.0,4481.0
31368,36.73.06.1010,36.73.06,36.73,36,3544.0,5716.0,1051.0
31369,36.73.06.1012,36.73.06,36.73,36,2259.0,4239.0,590.0
31370,36.74.01.1004,36.74.01,36.74,36,2769.0,6200.0,2086.0
31371,36.74.01.1005,36.74.01,36.74,36,2563.0,5158.0,1471.0
31372,36.74.01.1009,36.74.01,36.74,36,5352.0,12496.0,1992.0
31373,36.74.02.1001,36.74.02,36.74,36,3413.0,8018.0,1281.0
31374,36.74.02.1003,36.74.02,36.74,36,6875.0,14038.0,4170.0
31375,36.74.03.1002,36.74.03,36.74,36,5875.0,13266.0,6255.0
31376,36.74.03.1004,36.74.03,36.74,36,2737.0,6007.0,1367.0
31377,36.74.03.1005,36.74.03,36.74,36,7045.0,16976.0,4612.0
31378,36.74.03.1006,36.74.03,36.74,36,6028.0,12508.0,2978.0
31379,36.74.03.1007,36.74.03,36.74,36,7919.0,21738.0,5346.0
31380,36.74.03.1009,36.74.03,36.74,36,3080.0,7257.0,1084.0
31381,36.74.03.1010,36.74.03,36.74,36,8623.0,20683.0,5840.0
31382,36.74.04.1001,36.74.04,36.74,36,6459.0,15863.0,3973.0
31383,36.74.04.1002,36.74.04,36.74,36,9725.0,20027.0,7740.0
31384,36.74.04.1007,36.74.04,36.74,36,5935.0,15494.0,3169.0
31385,36.74.05.1001,36.74.05,36.74,36,6153.0,14005.0,4575.0
31386,36.74.05.1002,36.74.05,36.74,36,6902.0,15420.0,5316.0
31387,36.74.05.1006,36.74.05,36.74,36,5400.0,13604.0,4137.0
31388,36.74.06.1004,36.74.06,36.74,36,4942.0,11408.0,3144.0
31389,36.74.06.1005,36.74.06,36.74,36,8338.0,22204.0,3237.0
31390,36.74.06.1006,36.74.06,36.74,36,12159.0,29585.0,6295.0
31391,36.74.06.1007,36.74.06,36.74,36,7385.0,14288.0,3923.0
31392,36.74.06.1008,36.74.06,36.74,36,7051.0,15601.0,6298.0
31393,36.74.07.1003,36.74.07,36.74,36,2117.0,4780.0,285.0
31394,36.74.07.1004,36.74.07,36.74,36,5891.0,11960.0,3706.0
