,KODE_KEL_DESA,KODE_KECAMATAN,KODE_KAB_KOTA,KODE_PROVINSI,Pengangguran,Kerah Biru,Kerah Putih,Profesional
29844,36.73.03.1016,36.73.03,36.73,36,850.0,1041.0,762.0,2.0
29845,36.04.11.2004,36.04.11,36.04,36,1123.0,1451.0,767.0,1.0
29846,36.01.09.2007,36.01.09,36.01,36,759.0,934.0,885.0,13.0
29847,36.01.09.2008,36.01.09,36.01,36,509.0,688.0,414.0,9.0
29848,36.01.22.2004,36.01.22,36.01,36,486.0,574.0,251.0,0.0
29849,36.01.01.2005,36.01.01,36.01,36,459.0,1103.0,388.0,6.0
29850,36.01.12.2003,36.01.12,36.01,36,436.0,864.0,421.0,2.0
29851,36.01.01.2002,36.01.01,36.01,36,914.0,1819.0,807.0,4.0
29852,36.01.01.2003,36.01.01,36.01,36,836.0,1424.0,510.0,0.0
29853,36.01.01.2007,36.01.01,36.01,36,839.0,1695.0,588.0,0.0
29854,36.01.02.2001,36.01.02,36.01,36,780.0,1558.0,745.0,0.0
29855,36.01.02.2003,36.01.02,36.01,36,180.0,641.0,289.0,0.0
29856,36.01.02.2004,36.01.02,36.01,36,635.0,1573.0,466.0,0.0
29857,36.01.02.2005,36.01.02,36.01,36,698.0,1489.0,816.0,2.0
29858,36.01.02.2006,36.01.02,36.01,36,1012.0,1724.0,1137.0,7.0
29859,36.01.02.2007,36.01.02,36.01,36,487.0,1174.0,473.0,0.0
29860,36.01.02.2010,36.01.02,36.01,36,636.0,1230.0,574.0,3.0
29861,36.01.03.2007,36.01.03,36.01,36,593.0,694.0,95.0,0.0
29862,36.01.10.2007,36.01.10,36.01,36,822.0,1254.0,587.0,1.0
29863,36.01.03.2008,36.01.03,36.01,36,567.0,1345.0,263.0,0.0
29864,36.01.03.2009,36.01.03,36.01,36,1401.0,1691.0,1376.0,13.0
29865,36.01.03.2011,36.01.03,36.01,36,514.0,1130.0,332.0,0.0
29866,36.01.04.2002,36.01.04,36.01,36,833.0,1976.0,794.0,2.0
29867,36.01.04.2004,36.01.04,36.01,36,490.0,996.0,611.0,4.0
29868,36.01.32.2006,36.01.32,36.01,36,581.0,725.0,303.0,2.0
29869,36.01.04.2007,36.01.04,36.01,36,1160.0,1928.0,923.0,3.0
29870,36.01.04.2008,36.01.04,36.01,36,610.0,1058.0,259.0,0.0
29871,36.01.10.2008,36.01.10,36.01,36,818.0,1504.0,621.0,6.0
29872,36.01.04.2010,36.01.04,36.01,36,298.0,565.0,195.0,3.0
29873,36.01.04.2011,36.01.04,36.01,36,740.0,1419.0,527.0,1.0
29874,36.01.04.2012,36.01.04,36.01,36,817.0,1476.0,396.0,4.0
29875,36.01.12.2010,36.01.12,36.01,36,2376.0,6184.0,1396.0,17.0
29876,36.01.05.2003,36.01.05,36.01,36,860.0,2105.0,430.0,3.0
29877,36.01.05.2004,36.01.05,36.01,36,1011.0,1404.0,835.0,2.0
29878,36.01.12.2014,36.01.12,36.01,36,641.0,669.0,876.0,6.0
29879,36.01.05.2007,36.01.05,36.01,36,659.0,1513.0,779.0,8.0
29880,36.01.05.2009,36.01.05,36.01,36,674.0,886.0,599.0,6.0
29881,36.01.07.2004,36.01.07,36.01,36,599.0,1470.0,586.0,0.0
29882,36.01.06.2001,36.01.06,36.01,36,3880.0,5732.0,2700.0,30.0
29883,36.01.13.2010,36.01.13,36.01,36,851.0,970.0,712.0,5.0
29884,36.01.06.2011,36.01.06,36.01,36,1626.0,2625.0,1524.0,9.0
29885,36.01.07.2006,36.01.07,36.01,36,614.0,1448.0,444.0,0.0
29886,36.01.06.2012,36.01.06,36.01,36,1272.0,2943.0,794.0,0.0
29887,36.01.07.2007,36.01.07,36.01,36,354.0,905.0,199.0,0.0
29888,36.01.07.2009,36.01.07,36.01,36,918.0,2015.0,599.0,3.0
29889,36.01.07.2010,36.01.07,36.01,36,665.0,1045.0,432.0,1.0
29890,36.01.08.2001,36.01.08,36.01,36,378.0,624.0,616.0,15.0
29891,36.01.08.2005,36.01.08,36.01,36,706.0,1421.0,564.0,0.0
29892,36.01.08.2018,36.01.08,36.01,36,317.0,1008.0,384.0,0.0
29893,36.01.09.2001,36.01.09,36.01,36,497.0,902.0,489.0,4.0
29894,36.01.09.2002,36.01.09,36.01,36,753.0,1120.0,783.0,4.0
29895,36.01.09.2003,36.01.09,36.01,36,334.0,766.0,411.0,2.0
29896,36.01.09.2012,36.01.09,36.01,36,571.0,828.0,499.0,4.0
29897,36.01.10.2001,36.01.10,36.01,36,1176.0,2073.0,554.0,0.0
29898,36.01.10.2003,36.01.10,36.01,36,713.0,1433.0,441.0,1.0
29899,36.01.10.2004,36.01.10,36.01,36,1795.0,2764.0,1188.0,3.0
29900,36.01.11.2007,36.01.11,36.01,36,407.0,580.0,449.0,0.0
29901,36.01.11.2003,36.01.11,36.01,36,741.0,1349.0,783.0,2.0
29902,36.01.11.2005,36.01.11,36.01,36,819.0,1378.0,896.0,0.0
29903,36.01.11.2006,36.01.11,36.01,36,670.0,1002.0,499.0,2.0
29904,36.01.11.2009,36.01.11,36.01,36,584.0,889.0,391.0,0.0
29905,36.01.12.2001,36.01.12,36.01,36,660.0,941.0,438.0,0.0
29906,36.01.12.2015,36.01.12,36.01,36,318.0,594.0,335.0,0.0
29907,36.01.13.2001,36.01.13,36.01,36,699.0,965.0,457.0,4.0
29908,36.01.13.2002,36.01.13,36.01,36,547.0,688.0,649.0,3.0
29909,36.01.13.2003,36.01.13,36.01,36,446.0,518.0,589.0,6.0
29910,36.01.13.2004,36.01.13,36.01,36,566.0,639.0,655.0,7.0
29911,36.01.13.2015,36.01.13,36.01,36,364.0,475.0,346.0,1.0
29912,36.01.13.2016,36.01.13,36.01,36,276.0,391.0,381.0,0.0
29913,36.01.14.2001,36.01.14,36.01,36,599.0,918.0,437.0,2.0
29914,36.01.14.2003,36.01.14,36.01,36,843.0,1429.0,734.0,0.0
29915,36.01.14.2004,36.01.14,36.01,36,953.0,1388.0,770.0,3.0
29916,36.01.14.2005,36.01.14,36.01,36,460.0,861.0,452.0,2.0
29917,36.01.14.2006,36.01.14,36.01,36,635.0,750.0,638.0,1.0
29918,36.01.14.2007,36.01.14,36.01,36,1306.0,1539.0,1088.0,6.0
29919,36.01.15.2004,36.01.15,36.01,36,492.0,758.0,517.0,4.0
29920,36.01.14.2010,36.01.14,36.01,36,570.0,1106.0,519.0,2.0
29921,36.01.15.2005,36.01.15,36.01,36,559.0,695.0,462.0,2.0
29922,36.01.14.2014,36.01.14,36.01,36,486.0,1189.0,591.0,1.0
29923,36.01.15.2003,36.01.15,36.01,36,706.0,764.0,640.0,0.0
29924,36.01.15.2007,36.01.15,36.01,36,1161.0,1256.0,988.0,4.0
29925,36.01.15.2009,36.01.15,36.01,36,979.0,1438.0,941.0,0.0
29926,36.01.15.2010,36.01.15,36.01,36,562.0,1018.0,395.0,0.0
29927,36.01.16.2002,36.01.16,36.01,36,1146.0,1479.0,1192.0,2.0
29928,36.01.16.2003,36.01.16,36.01,36,514.0,792.0,646.0,0.0
29929,36.01.16.2004,36.01.16,36.01,36,332.0,532.0,479.0,0.0
29930,36.01.16.2011,36.01.16,36.01,36,531.0,907.0,650.0,2.0
29931,36.01.16.2014,36.01.16,36.01,36,543.0,753.0,334.0,0.0
29932,36.01.16.2015,36.01.16,36.01,36,236.0,504.0,223.0,0.0
29933,36.01.17.2001,36.01.17,36.01,36,1067.0,1429.0,717.0,0.0
29934,36.01.17.2004,36.01.17,36.01,36,681.0,785.0,586.0,12.0
29935,36.01.17.2005,36.01.17,36.01,36,775.0,1219.0,690.0,3.0
29936,36.01.17.2006,36.01.17,36.01,36,1048.0,1276.0,718.0,4.0
29937,36.01.17.2012,36.01.17,36.01,36,804.0,1212.0,602.0,0.0
29938,36.01.17.2008,36.01.17,36.01,36,886.0,1537.0,446.0,2.0
29939,36.01.17.2010,36.01.17,36.01,36,993.0,1080.0,821.0,2.0
29940,36.01.17.2014,36.01.17,36.01,36,672.0,1061.0,310.0,0.0
29941,36.01.17.2015,36.01.17,36.01,36,890.0,1077.0,757.0,3.0
29942,36.01.18.2001,36.01.18,36.01,36,1394.0,1761.0,1193.0,8.0
29943,36.01.18.2003,36.01.18,36.01,36,1150.0,1477.0,1429.0,1.0
29944,36.01.18.2004,36.01.18,36.01,36,742.0,938.0,649.0,1.0
29945,36.01.18.2007,36.01.18,36.01,36,1032.0,1195.0,1059.0,6.0
29946,36.01.18.2008,36.01.18,36.01,36,802.0,1105.0,821.0,2.0
29947,36.01.18.2010,36.01.18,36.01,36,634.0,965.0,596.0,0.0
29948,36.01.18.2013,36.01.18,36.01,36,612.0,666.0,631.0,0.0
29949,36.01.19.2001,36.01.19,36.01,36,919.0,1030.0,767.0,1.0
29950,36.01.19.2004,36.01.19,36.01,36,1340.0,1649.0,1747.0,24.0
29951,36.01.19.2008,36.01.19,36.01,36,508.0,954.0,512.0,4.0
29952,36.01.20.2002,36.01.20,36.01,36,1039.0,1633.0,565.0,0.0
29953,36.01.20.2004,36.01.20,36.01,36,1000.0,1484.0,856.0,1.0
29954,36.01.20.2006,36.01.20,36.01,36,468.0,697.0,365.0,3.0
29955,36.01.20.2007,36.01.20,36.01,36,1161.0,1510.0,1070.0,7.0
29956,36.01.20.2011,36.01.20,36.01,36,799.0,897.0,787.0,5.0
29957,36.01.20.2012,36.01.20,36.01,36,634.0,891.0,268.0,6.0
29958,36.01.20.2013,36.01.20,36.01,36,811.0,967.0,383.0,0.0
29959,36.04.12.2002,36.04.12,36.04,36,481.0,1134.0,327.0,4.0
29960,36.01.20.2014,36.01.20,36.01,36,526.0,614.0,365.0,3.0
29961,36.01.21.1002,36.01.21,36.01,36,1696.0,1837.0,1634.0,12.0
29962,36.01.21.1009,36.01.21,36.01,36,5050.0,4921.0,5631.0,71.0
29963,36.01.22.2001,36.01.22,36.01,36,832.0,970.0,256.0,1.0
29964,36.01.22.2002,36.01.22,36.01,36,541.0,643.0,357.0,0.0
29965,36.01.22.2006,36.01.22,36.01,36,1060.0,1040.0,919.0,5.0
29966,36.01.22.2007,36.01.22,36.01,36,2018.0,1932.0,1889.0,32.0
29967,36.01.22.2009,36.01.22,36.01,36,937.0,939.0,675.0,6.0
29968,36.01.22.2010,36.01.22,36.01,36,612.0,764.0,428.0,2.0
29969,36.01.22.2013,36.01.22,36.01,36,931.0,1013.0,559.0,0.0
29970,36.01.23.2001,36.01.23,36.01,36,340.0,704.0,268.0,0.0
29971,36.01.23.2002,36.01.23,36.01,36,1221.0,1389.0,1011.0,1.0
29972,36.01.23.2004,36.01.23,36.01,36,687.0,1282.0,741.0,2.0
29973,36.01.24.2020,36.01.24,36.01,36,496.0,988.0,250.0,1.0
29974,36.01.23.2007,36.01.23,36.01,36,559.0,928.0,471.0,4.0
29975,36.01.23.2009,36.01.23,36.01,36,344.0,539.0,280.0,0.0
29976,36.01.24.2006,36.01.24,36.01,36,520.0,1206.0,251.0,1.0
29977,36.01.24.2008,36.01.24,36.01,36,691.0,1799.0,506.0,2.0
29978,36.01.24.2009,36.01.24,36.01,36,640.0,1211.0,444.0,0.0
29979,36.01.24.2010,36.01.24,36.01,36,691.0,1489.0,576.0,3.0
29980,36.01.27.2010,36.01.27,36.01,36,381.0,567.0,152.0,0.0
29981,36.01.24.2011,36.01.24,36.01,36,429.0,769.0,325.0,0.0
29982,36.01.25.1002,36.01.25,36.01,36,2859.0,3125.0,3225.0,36.0
29983,36.01.26.2001,36.01.26,36.01,36,817.0,1163.0,1241.0,4.0
29984,36.01.26.2004,36.01.26,36.01,36,627.0,896.0,786.0,2.0
29985,36.01.26.2006,36.01.26,36.01,36,621.0,1001.0,729.0,7.0
29986,36.01.26.2008,36.01.26,36.01,36,536.0,969.0,490.0,1.0
29987,36.01.26.2009,36.01.26,36.01,36,560.0,822.0,810.0,4.0
29988,36.01.26.2010,36.01.26,36.01,36,428.0,862.0,556.0,0.0
29989,36.01.28.2002,36.01.28,36.01,36,596.0,1427.0,726.0,1.0
29990,36.01.27.2001,36.01.27,36.01,36,427.0,630.0,51.0,0.0
29991,36.01.27.2002,36.01.27,36.01,36,1005.0,1200.0,210.0,1.0
29992,36.01.27.2003,36.01.27,36.01,36,480.0,1034.0,122.0,0.0
29993,36.01.28.2006,36.01.28,36.01,36,850.0,1441.0,607.0,4.0
29994,36.01.27.2005,36.01.27,36.01,36,547.0,981.0,187.0,2.0
29995,36.01.27.2006,36.01.27,36.01,36,725.0,1325.0,135.0,0.0
29996,36.01.27.2007,36.01.27,36.01,36,482.0,895.0,162.0,2.0
29997,36.01.28.2003,36.01.28,36.01,36,920.0,1501.0,1327.0,2.0
29998,36.01.28.2004,36.01.28,36.01,36,837.0,1728.0,633.0,3.0
29999,36.01.28.2005,36.01.28,36.01,36,322.0,800.0,196.0,0.0
30000,36.01.28.2007,36.01.28,36.01,36,864.0,1141.0,900.0,9.0
30001,36.01.28.2010,36.01.28,36.01,36,461.0,1261.0,406.0,1.0
30002,36.01.29.2002,36.01.29,36.01,36,602.0,904.0,470.0,2.0
30003,36.01.32.2009,36.01.32,36.01,36,819.0,1241.0,375.0,2.0
30004,36.01.29.2003,36.01.29,36.01,36,590.0,921.0,359.0,6.0
30005,36.01.29.2004,36.01.29,36.01,36,815.0,1778.0,186.0,0.0
30006,36.01.29.2005,36.01.29,36.01,36,1064.0,2315.0,213.0,2.0
30007,36.01.29.2006,36.01.29,36.01,36,733.0,1887.0,265.0,5.0
30008,36.01.29.2007,36.01.29,36.01,36,1286.0,2971.0,1021.0,11.0
30009,36.01.29.2008,36.01.29,36.01,36,1278.0,2125.0,647.0,3.0
30010,36.01.29.2009,36.01.29,36.01,36,403.0,1052.0,107.0,0.0
30011,36.01.30.2001,36.01.30,36.01,36,979.0,1414.0,927.0,0.0
30012,36.01.30.2002,36.01.30,36.01,36,870.0,1291.0,585.0,1.0
30013,36.01.30.2003,36.01.30,36.01,36,747.0,1101.0,793.0,2.0
30014,36.01.30.2004,36.01.30,36.01,36,609.0,633.0,419.0,2.0
30015,36.01.30.2006,36.01.30,36.01,36,806.0,1000.0,811.0,0.0
30016,36.01.31.2001,36.01.31,36.01,36,664.0,1493.0,555.0,6.0
30017,36.01.31.2002,36.01.31,36.01,36,814.0,1161.0,473.0,2.0
30018,36.01.31.2004,36.01.31,36.01,36,351.0,861.0,173.0,2.0
30019,36.01.32.2008,36.01.32,36.01,36,530.0,878.0,371.0,2.0
30020,36.01.31.2006,36.01.31,36.01,36,658.0,1146.0,383.0,2.0
30021,36.01.32.2005,36.01.32,36.01,36,854.0,1093.0,508.0,2.0
30022,36.01.31.2009,36.01.31,36.01,36,671.0,848.0,372.0,0.0
30023,36.01.32.2001,36.01.32,36.01,36,1082.0,1331.0,775.0,1.0
30024,36.01.32.2002,36.01.32,36.01,36,974.0,1351.0,547.0,5.0
30025,36.01.32.2003,36.01.32,36.01,36,1195.0,1440.0,784.0,0.0
30026,36.01.33.2002,36.01.33,36.01,36,305.0,515.0,160.0,0.0
30027,36.01.33.2004,36.01.33,36.01,36,407.0,507.0,370.0,0.0
30028,36.01.33.2005,36.01.33,36.01,36,632.0,864.0,430.0,0.0
30029,36.01.33.2007,36.01.33,36.01,36,334.0,441.0,262.0,0.0
30030,36.01.33.2008,36.01.33,36.01,36,467.0,641.0,426.0,1.0
30031,36.01.33.2009,36.01.33,36.01,36,670.0,687.0,570.0,0.0
30032,36.01.34.1002,36.01.34,36.01,36,1932.0,1954.0,2470.0,29.0
30033,36.04.22.2006,36.04.22,36.04,36,777.0,1057.0,174.0,2.0
30034,36.01.34.1003,36.01.34,36.01,36,3182.0,3119.0,3053.0,37.0
30035,36.01.34.1004,36.01.34,36.01,36,2783.0,2437.0,1789.0,2.0
30036,36.01.34.1005,36.01.34,36.01,36,2130.0,1927.0,1550.0,4.0
30037,36.01.35.2003,36.01.35,36.01,36,653.0,1567.0,376.0,0.0
30038,36.01.35.2005,36.01.35,36.01,36,751.0,2207.0,537.0,0.0
30039,36.01.35.2006,36.01.35,36.01,36,1036.0,1893.0,1217.0,6.0
30040,36.01.35.2007,36.01.35,36.01,36,1158.0,2283.0,1410.0,7.0
30041,36.01.35.2008,36.01.35,36.01,36,534.0,1562.0,667.0,2.0
30042,36.02.01.2002,36.02.01,36.02,36,829.0,1225.0,732.0,2.0
30043,36.02.01.2003,36.02.01,36.02,36,1139.0,2109.0,927.0,9.0
30044,36.02.01.2004,36.02.01,36.02,36,1941.0,2877.0,1139.0,3.0
30045,36.02.01.2005,36.02.01,36.02,36,1263.0,2132.0,1147.0,8.0
30046,36.02.01.2006,36.02.01,36.02,36,1112.0,2128.0,504.0,10.0
30047,36.02.01.2009,36.02.01,36.02,36,999.0,1417.0,399.0,1.0
30048,36.02.01.2016,36.02.01,36.02,36,505.0,1137.0,329.0,0.0
30049,36.02.01.2019,36.02.01,36.02,36,1428.0,2495.0,595.0,6.0
30050,36.02.01.2024,36.02.01,36.02,36,489.0,1027.0,119.0,0.0
30051,36.02.01.2026,36.02.01,36.02,36,728.0,1352.0,232.0,1.0
30052,36.02.02.2010,36.02.02,36.02,36,931.0,1544.0,1010.0,8.0
30053,36.02.02.2003,36.02.02,36.02,36,378.0,1516.0,434.0,1.0
30054,36.02.02.2004,36.02.02,36.02,36,441.0,1474.0,82.0,0.0
30055,36.02.02.2005,36.02.02,36.02,36,914.0,1766.0,433.0,0.0
30056,36.71.03.1005,36.71.03,36.71,36,1974.0,2595.0,4910.0,27.0
30057,36.02.02.2014,36.02.02,36.02,36,975.0,1845.0,587.0,0.0
30058,36.02.03.2007,36.02.03,36.02,36,738.0,1213.0,661.0,8.0
30059,36.02.03.2006,36.02.03,36.02,36,769.0,2024.0,347.0,10.0
30060,36.02.04.2005,36.02.04,36.02,36,832.0,1272.0,569.0,11.0
30061,36.02.03.2008,36.02.03,36.02,36,809.0,1520.0,491.0,0.0
30062,36.02.04.2006,36.02.04,36.02,36,403.0,773.0,265.0,6.0
30063,36.02.04.2007,36.02.04,36.02,36,1239.0,2065.0,708.0,7.0
30064,36.02.03.2016,36.02.03,36.02,36,454.0,844.0,467.0,0.0
30065,36.02.04.2002,36.02.04,36.02,36,1008.0,1496.0,766.0,7.0
30066,36.02.04.2003,36.02.04,36.02,36,834.0,1506.0,529.0,2.0
30067,36.02.04.2004,36.02.04,36.02,36,498.0,950.0,309.0,0.0
30068,36.02.04.2008,36.02.04,36.02,36,1076.0,1936.0,586.0,5.0
30069,36.02.04.2010,36.02.04,36.02,36,1172.0,1839.0,692.0,5.0
30070,36.02.04.2013,36.02.04,36.02,36,738.0,1415.0,313.0,6.0
30071,36.02.04.2014,36.02.04,36.02,36,897.0,1318.0,734.0,13.0
30072,36.02.04.2015,36.02.04,36.02,36,502.0,932.0,369.0,0.0
30073,36.02.05.2013,36.02.05,36.02,36,568.0,1358.0,170.0,0.0
30074,36.02.11.2006,36.02.11,36.02,36,1126.0,2198.0,306.0,0.0
30075,36.02.05.2018,36.02.05,36.02,36,416.0,1423.0,124.0,0.0
30076,36.02.05.2020,36.02.05,36.02,36,746.0,1455.0,305.0,0.0
30077,36.02.05.2021,36.02.05,36.02,36,514.0,894.0,264.0,0.0
30078,36.02.06.2001,36.02.06,36.02,36,2697.0,4310.0,23.0,0.0
30079,36.02.06.2002,36.02.06,36.02,36,1765.0,2478.0,342.0,6.0
30080,36.02.17.2005,36.02.17,36.02,36,1054.0,1925.0,435.0,1.0
30081,36.02.06.2003,36.02.06,36.02,36,1175.0,2323.0,516.0,3.0
30082,36.02.06.2005,36.02.06,36.02,36,945.0,1320.0,403.0,4.0
30083,36.02.06.2008,36.02.06,36.02,36,1071.0,1779.0,414.0,2.0
30084,36.02.06.2012,36.02.06,36.02,36,1101.0,1719.0,443.0,3.0
30085,36.02.07.2010,36.02.07,36.02,36,804.0,2256.0,458.0,4.0
30086,36.02.07.2007,36.02.07,36.02,36,772.0,1597.0,248.0,2.0
30087,36.02.07.2009,36.02.07,36.02,36,731.0,1418.0,373.0,2.0
30088,36.02.07.2016,36.02.07,36.02,36,282.0,827.0,65.0,0.0
30089,36.02.08.2003,36.02.08,36.02,36,577.0,971.0,217.0,1.0
30090,36.02.08.2006,36.02.08,36.02,36,786.0,1337.0,387.0,2.0
30091,36.02.08.2007,36.02.08,36.02,36,974.0,1544.0,362.0,2.0
30092,36.02.08.2008,36.02.08,36.02,36,662.0,1212.0,304.0,2.0
30093,36.02.08.2010,36.02.08,36.02,36,444.0,1073.0,253.0,0.0
30094,36.02.09.2007,36.02.09,36.02,36,470.0,1111.0,199.0,3.0
30095,36.02.09.2018,36.02.09,36.02,36,731.0,1204.0,458.0,4.0
30096,36.02.09.2010,36.02.09,36.02,36,574.0,1076.0,260.0,3.0
30097,36.02.09.2012,36.02.09,36.02,36,1007.0,2011.0,255.0,2.0
30098,36.02.09.2015,36.02.09,36.02,36,680.0,1347.0,423.0,8.0
30099,36.02.09.2016,36.02.09,36.02,36,809.0,1280.0,665.0,3.0
30100,36.02.10.2002,36.02.10,36.02,36,872.0,1801.0,300.0,4.0
30101,36.02.10.2005,36.02.10,36.02,36,1274.0,2401.0,729.0,4.0
30102,36.02.10.2006,36.02.10,36.02,36,1111.0,2169.0,541.0,5.0
30103,36.02.10.2007,36.02.10,36.02,36,1408.0,2392.0,389.0,2.0
30104,36.02.10.2008,36.02.10,36.02,36,1018.0,1944.0,307.0,2.0
30105,36.02.10.2009,36.02.10,36.02,36,946.0,1765.0,375.0,2.0
30106,36.71.04.1005,36.71.04,36.71,36,3083.0,4308.0,7270.0,33.0
30107,36.02.10.2010,36.02.10,36.02,36,784.0,1397.0,197.0,2.0
30108,36.02.10.2011,36.02.10,36.02,36,865.0,1528.0,379.0,9.0
30109,36.02.11.2001,36.02.11,36.02,36,631.0,1583.0,168.0,0.0
30110,36.02.11.2004,36.02.11,36.02,36,934.0,1467.0,261.0,0.0
30111,36.02.11.2007,36.02.11,36.02,36,1667.0,2577.0,579.0,8.0
30112,36.02.11.2008,36.02.11,36.02,36,978.0,2554.0,160.0,2.0
30113,36.02.11.2011,36.02.11,36.02,36,1045.0,1886.0,182.0,0.0
30114,36.02.12.2004,36.02.12,36.02,36,648.0,1263.0,322.0,0.0
30115,36.02.12.2007,36.02.12,36.02,36,749.0,1225.0,497.0,3.0
30116,36.02.12.2008,36.02.12,36.02,36,904.0,1307.0,549.0,0.0
30117,36.02.12.2013,36.02.12,36.02,36,1195.0,1762.0,329.0,3.0
30118,36.02.12.2010,36.02.12,36.02,36,591.0,1044.0,484.0,4.0
30119,36.02.13.2012,36.02.13,36.02,36,1349.0,2294.0,291.0,1.0
30120,36.02.12.2014,36.02.12,36.02,36,660.0,1111.0,373.0,3.0
30121,36.02.12.2015,36.02.12,36.02,36,1288.0,1727.0,822.0,11.0
30122,36.02.13.2006,36.02.13,36.02,36,1517.0,1845.0,1143.0,18.0
30123,36.02.15.2012,36.02.15,36.02,36,698.0,1063.0,458.0,2.0
30124,36.02.13.2011,36.02.13,36.02,36,682.0,1222.0,251.0,2.0
30125,36.02.13.2018,36.02.13,36.02,36,888.0,1411.0,381.0,0.0
30126,36.02.13.2021,36.02.13,36.02,36,741.0,1287.0,428.0,2.0
30127,36.02.13.2022,36.02.13,36.02,36,712.0,1012.0,264.0,2.0
30128,36.02.14.2009,36.02.14,36.02,36,1966.0,2875.0,1049.0,1.0
30129,36.02.14.2010,36.02.14,36.02,36,1821.0,2691.0,1100.0,3.0
30130,36.02.14.2013,36.02.14,36.02,36,1735.0,2656.0,1358.0,50.0
30131,36.02.14.2014,36.02.14,36.02,36,1490.0,2251.0,972.0,9.0
30132,36.02.14.2017,36.02.14,36.02,36,2856.0,3794.0,1826.0,41.0
30133,36.02.14.2021,36.02.14,36.02,36,1095.0,2171.0,512.0,4.0
30134,36.02.14.2023,36.02.14,36.02,36,1730.0,2353.0,1102.0,30.0
30135,36.02.16.2004,36.02.16,36.02,36,542.0,1097.0,206.0,0.0
30136,36.02.15.2002,36.02.15,36.02,36,1435.0,1969.0,637.0,5.0
30137,36.02.15.2003,36.02.15,36.02,36,1272.0,2004.0,1042.0,2.0
30138,36.02.15.2004,36.02.15,36.02,36,1028.0,1581.0,684.0,6.0
30139,36.02.15.2005,36.02.15,36.02,36,985.0,1413.0,584.0,9.0
30140,36.02.15.2007,36.02.15,36.02,36,1394.0,2165.0,853.0,6.0
30141,36.02.15.2008,36.02.15,36.02,36,1332.0,2725.0,404.0,0.0
30142,36.02.15.2009,36.02.15,36.02,36,1248.0,1867.0,510.0,7.0
30143,36.02.16.2007,36.02.16,36.02,36,870.0,1659.0,384.0,23.0
30144,36.02.16.2008,36.02.16,36.02,36,525.0,1385.0,112.0,0.0
30145,36.02.16.2013,36.02.16,36.02,36,1114.0,2375.0,491.0,3.0
30146,36.02.16.2014,36.02.16,36.02,36,706.0,1418.0,405.0,9.0
30147,36.02.16.2016,36.02.16,36.02,36,538.0,834.0,95.0,0.0
30148,36.02.17.2004,36.02.17,36.02,36,521.0,1281.0,217.0,0.0
30149,36.02.17.2003,36.02.17,36.02,36,529.0,1393.0,334.0,0.0
30150,36.02.17.2013,36.02.17,36.02,36,469.0,942.0,187.0,1.0
30151,36.02.17.2008,36.02.17,36.02,36,900.0,2507.0,383.0,0.0
30152,36.02.17.2009,36.02.17,36.02,36,935.0,1893.0,210.0,0.0
30153,36.02.18.2001,36.02.18,36.02,36,1668.0,2783.0,502.0,5.0
30154,36.02.18.2005,36.02.18,36.02,36,801.0,1191.0,315.0,2.0
30155,36.02.18.2006,36.02.18,36.02,36,783.0,1670.0,162.0,3.0
30156,36.02.18.2007,36.02.18,36.02,36,1078.0,1829.0,501.0,6.0
30157,36.02.18.2010,36.02.18,36.02,36,1338.0,2285.0,718.0,7.0
30158,36.02.18.2011,36.02.18,36.02,36,1565.0,2235.0,1226.0,29.0
30159,36.02.18.2014,36.02.18,36.02,36,989.0,1788.0,260.0,0.0
30160,36.02.19.2004,36.02.19,36.02,36,512.0,1285.0,425.0,2.0
30161,36.02.19.2006,36.02.19,36.02,36,696.0,1505.0,743.0,6.0
30162,36.02.19.2007,36.02.19,36.02,36,367.0,1203.0,357.0,0.0
30163,36.02.19.2009,36.02.19,36.02,36,398.0,1403.0,436.0,2.0
30164,36.02.19.2011,36.02.19,36.02,36,477.0,999.0,435.0,3.0
30165,36.02.19.2016,36.02.19,36.02,36,434.0,1359.0,145.0,0.0
30166,36.02.19.2017,36.02.19,36.02,36,439.0,1351.0,77.0,3.0
30167,36.02.19.2018,36.02.19,36.02,36,360.0,994.0,161.0,2.0
30168,36.02.19.2019,36.02.19,36.02,36,478.0,1396.0,111.0,1.0
30169,36.02.19.2020,36.02.19,36.02,36,194.0,776.0,80.0,0.0
30170,36.02.19.2021,36.02.19,36.02,36,377.0,1002.0,347.0,6.0
30171,36.02.19.2022,36.02.19,36.02,36,406.0,971.0,56.0,0.0
30172,36.02.19.2023,36.02.19,36.02,36,706.0,1262.0,566.0,0.0
30173,36.02.20.2001,36.02.20,36.02,36,502.0,1331.0,536.0,0.0
30174,36.02.20.2006,36.02.20,36.02,36,484.0,1312.0,547.0,0.0
30175,36.02.20.2007,36.02.20,36.02,36,858.0,1852.0,736.0,2.0
30176,36.02.20.2008,36.02.20,36.02,36,371.0,1330.0,352.0,0.0
30177,36.02.20.2009,36.02.20,36.02,36,359.0,862.0,322.0,0.0
30178,36.02.20.2010,36.02.20,36.02,36,525.0,948.0,682.0,2.0
30179,36.02.21.2001,36.02.21,36.02,36,1339.0,2880.0,849.0,2.0
30180,36.02.21.2012,36.02.21,36.02,36,512.0,1210.0,146.0,4.0
30181,36.02.21.2004,36.02.21,36.02,36,421.0,1085.0,194.0,0.0
30182,36.02.27.2003,36.02.27,36.02,36,448.0,946.0,359.0,2.0
30183,36.02.21.2005,36.02.21,36.02,36,2430.0,4360.0,1670.0,6.0
30184,36.02.21.2007,36.02.21,36.02,36,631.0,1329.0,344.0,0.0
30185,36.02.21.2008,36.02.21,36.02,36,976.0,1279.0,343.0,2.0
30186,36.02.21.2010,36.02.21,36.02,36,1154.0,2065.0,907.0,1.0
30187,36.02.21.2013,36.02.21,36.02,36,532.0,884.0,83.0,0.0
30188,36.02.22.2001,36.02.22,36.02,36,501.0,1221.0,327.0,8.0
30189,36.02.22.2002,36.02.22,36.02,36,771.0,2077.0,347.0,0.0
30190,36.02.22.2003,36.02.22,36.02,36,304.0,1240.0,98.0,0.0
30191,36.02.22.2005,36.02.22,36.02,36,744.0,1977.0,289.0,4.0
30192,36.02.22.2007,36.02.22,36.02,36,764.0,1866.0,368.0,2.0
30193,36.02.22.2008,36.02.22,36.02,36,378.0,1167.0,105.0,4.0
30194,36.02.22.2010,36.02.22,36.02,36,352.0,1043.0,108.0,0.0
30195,36.02.23.2001,36.02.23,36.02,36,909.0,1891.0,287.0,4.0
30196,36.02.23.2003,36.02.23,36.02,36,752.0,1258.0,201.0,0.0
30197,36.02.23.2006,36.02.23,36.02,36,1118.0,1422.0,371.0,1.0
30198,36.02.23.2009,36.02.23,36.02,36,797.0,1478.0,396.0,2.0
30199,36.02.24.2002,36.02.24,36.02,36,1958.0,2793.0,281.0,0.0
30200,36.02.24.2006,36.02.24,36.02,36,1667.0,2208.0,726.0,14.0
30201,36.02.24.2007,36.02.24,36.02,36,959.0,1195.0,630.0,8.0
30202,36.02.25.2003,36.02.25,36.02,36,570.0,1422.0,252.0,5.0
30203,36.03.05.2002,36.03.05,36.03,36,2181.0,2313.0,1661.0,6.0
30204,36.02.26.2004,36.02.26,36.02,36,1065.0,1956.0,1131.0,2.0
30205,36.02.26.2005,36.02.26,36.02,36,447.0,1255.0,349.0,0.0
30206,36.03.01.2013,36.03.01,36.03,36,1615.0,2232.0,1249.0,7.0
30207,36.02.26.2009,36.02.26,36.02,36,396.0,913.0,199.0,0.0
30208,36.02.27.2001,36.02.27,36.02,36,424.0,965.0,256.0,0.0
30209,36.02.27.2002,36.02.27,36.02,36,1123.0,2147.0,602.0,7.0
30210,36.02.27.2007,36.02.27,36.02,36,528.0,1494.0,231.0,2.0
30211,36.02.27.2008,36.02.27,36.02,36,311.0,1055.0,212.0,0.0
30212,36.02.27.2009,36.02.27,36.02,36,294.0,959.0,79.0,3.0
30213,36.02.28.2002,36.02.28,36.02,36,400.0,1118.0,174.0,0.0
30214,36.02.28.2004,36.02.28,36.02,36,327.0,1040.0,134.0,0.0
30215,36.03.01.2005,36.03.01,36.03,36,2055.0,1977.0,3009.0,23.0
30216,36.03.01.2009,36.03.01,36.03,36,3340.0,3747.0,3542.0,25.0
30217,36.03.01.1001,36.03.01,36.03,36,2287.0,2252.0,3430.0,21.0
30218,36.03.02.2004,36.03.02,36.03,36,1876.0,2553.0,1745.0,5.0
30219,36.03.03.1001,36.03.03,36.03,36,2813.0,2938.0,4401.0,33.0
30220,36.03.03.2002,36.03.03,36.03,36,1067.0,1593.0,1651.0,0.0
30221,36.03.03.2005,36.03.03,36.03,36,2530.0,2915.0,4151.0,8.0
30222,36.03.03.2006,36.03.03,36.03,36,1033.0,1371.0,1020.0,0.0
30223,36.03.03.2008,36.03.03,36.03,36,1886.0,2271.0,2620.0,2.0
30224,36.03.03.2009,36.03.03,36.03,36,1265.0,1532.0,1545.0,3.0
30225,36.03.04.2005,36.03.04,36.03,36,1475.0,1553.0,1861.0,9.0
30226,36.03.03.2010,36.03.03,36.03,36,2505.0,3094.0,4459.0,27.0
30227,36.03.03.2011,36.03.03,36.03,36,1435.0,2629.0,1589.0,5.0
30228,36.03.03.2014,36.03.03,36.03,36,1207.0,1688.0,1777.0,12.0
30229,36.03.04.2001,36.03.04,36.03,36,882.0,1371.0,764.0,2.0
30230,36.03.04.2003,36.03.04,36.03,36,1087.0,1275.0,911.0,5.0
30231,36.03.04.2004,36.03.04,36.03,36,1686.0,2080.0,1181.0,4.0
30232,36.03.04.2006,36.03.04,36.03,36,1252.0,1176.0,1471.0,3.0
30233,36.03.04.2010,36.03.04,36.03,36,851.0,904.0,727.0,2.0
30234,36.03.05.2003,36.03.05,36.03,36,2447.0,2414.0,2257.0,12.0
30235,36.03.05.2008,36.03.05,36.03,36,1838.0,2119.0,1609.0,2.0
30236,36.03.09.2005,36.03.09,36.03,36,1693.0,2321.0,1281.0,2.0
30237,36.03.05.2017,36.03.05,36.03,36,2949.0,2729.0,2533.0,7.0
30238,36.03.06.2001,36.03.06,36.03,36,951.0,2205.0,1177.0,4.0
30239,36.03.06.2009,36.03.06,36.03,36,1660.0,2645.0,1591.0,10.0
30240,36.03.06.2015,36.03.06,36.03,36,1525.0,2549.0,1873.0,8.0
30241,36.03.06.2018,36.03.06,36.03,36,1723.0,2995.0,2643.0,19.0
30242,36.03.07.2015,36.03.07,36.03,36,1061.0,1427.0,1212.0,7.0
30243,36.03.08.2004,36.03.08,36.03,36,1443.0,2740.0,1445.0,4.0
30244,36.03.08.2005,36.03.08,36.03,36,1057.0,1617.0,1221.0,12.0
30245,36.03.08.2006,36.03.08,36.03,36,816.0,1445.0,999.0,1.0
30246,36.03.08.2007,36.03.08,36.03,36,1691.0,2739.0,1612.0,8.0
30247,36.03.08.2009,36.03.08,36.03,36,1533.0,3909.0,794.0,4.0
30248,36.03.08.2010,36.03.08,36.03,36,1611.0,2065.0,2696.0,23.0
30249,36.03.08.2011,36.03.08,36.03,36,1514.0,2521.0,1447.0,11.0
30250,36.03.13.2003,36.03.13,36.03,36,1545.0,3321.0,2105.0,5.0
30251,36.03.08.2012,36.03.08,36.03,36,1378.0,2898.0,1072.0,1.0
30252,36.03.09.2001,36.03.09,36.03,36,1158.0,1557.0,577.0,4.0
30253,36.03.09.2002,36.03.09,36.03,36,994.0,1552.0,630.0,1.0
30254,36.03.09.2004,36.03.09,36.03,36,2254.0,3113.0,2125.0,8.0
30255,36.03.09.2006,36.03.09,36.03,36,2500.0,3120.0,2085.0,16.0
30256,36.03.10.2002,36.03.10,36.03,36,1805.0,2056.0,2317.0,27.0
30257,36.03.11.1010,36.03.11,36.03,36,3978.0,4881.0,6211.0,23.0
30258,36.03.11.2001,36.03.11,36.03,36,2590.0,3028.0,3323.0,25.0
30259,36.03.11.2002,36.03.11,36.03,36,1410.0,1850.0,1655.0,12.0
30260,36.03.11.2005,36.03.11,36.03,36,1199.0,1872.0,1195.0,10.0
30261,36.03.11.2007,36.03.11,36.03,36,3060.0,4557.0,2975.0,18.0
30262,36.03.11.2009,36.03.11,36.03,36,1015.0,1689.0,1176.0,4.0
30263,36.03.11.2014,36.03.11,36.03,36,5289.0,5673.0,7597.0,34.0
30264,36.03.12.1012,36.03.12,36.03,36,5422.0,4030.0,11437.0,57.0
30265,36.03.12.1014,36.03.12,36.03,36,4387.0,5393.0,10830.0,105.0
30266,36.03.13.2005,36.03.13,36.03,36,2475.0,6096.0,3751.0,15.0
30267,36.03.13.2006,36.03.13,36.03,36,2587.0,4932.0,4349.0,32.0
30268,36.03.13.2007,36.03.13,36.03,36,1783.0,3685.0,2936.0,16.0
30269,36.03.22.2006,36.03.22,36.03,36,1433.0,2194.0,1789.0,16.0
30270,36.03.13.2010,36.03.13,36.03,36,1460.0,4310.0,1203.0,10.0
30271,36.03.13.2013,36.03.13,36.03,36,2267.0,4344.0,2738.0,10.0
30272,36.03.14.1003,36.03.14,36.03,36,2419.0,5205.0,3788.0,7.0
30273,36.03.14.2004,36.03.14,36.03,36,824.0,2318.0,1056.0,0.0
30274,36.03.14.2005,36.03.14,36.03,36,1907.0,4560.0,2934.0,2.0
30275,36.03.14.2006,36.03.14,36.03,36,1703.0,3736.0,2276.0,11.0
30276,36.03.14.2008,36.03.14,36.03,36,1732.0,4876.0,2558.0,10.0
30277,36.03.14.2009,36.03.14,36.03,36,1182.0,2231.0,1956.0,11.0
30278,36.03.15.2002,36.03.15,36.03,36,1601.0,2257.0,1561.0,21.0
30279,36.03.15.2003,36.03.15,36.03,36,1262.0,2363.0,1076.0,4.0
30280,36.03.15.2004,36.03.15,36.03,36,1482.0,2762.0,1103.0,14.0
30281,36.03.15.2006,36.03.15,36.03,36,1597.0,2584.0,1132.0,15.0
30282,36.03.15.2007,36.03.15,36.03,36,1678.0,3461.0,1676.0,8.0
30283,36.03.15.2008,36.03.15,36.03,36,1851.0,3235.0,991.0,1.0
30284,36.04.05.2015,36.04.05,36.04,36,1793.0,1600.0,1882.0,27.0
30285,36.03.15.2011,36.03.15,36.03,36,2040.0,4259.0,1248.0,14.0
30286,36.03.15.2012,36.03.15,36.03,36,2855.0,4271.0,2618.0,6.0
30287,36.03.15.2013,36.03.15,36.03,36,1279.0,1591.0,1311.0,9.0
30288,36.03.15.2014,36.03.15,36.03,36,1958.0,3583.0,1840.0,5.0
30289,36.03.16.1001,36.03.16,36.03,36,2406.0,2867.0,3922.0,38.0
30290,36.03.16.2002,36.03.16,36.03,36,3911.0,4494.0,6670.0,26.0
30291,36.03.16.2003,36.03.16,36.03,36,2250.0,3348.0,3446.0,11.0
30292,36.03.16.2008,36.03.16,36.03,36,1978.0,2390.0,3274.0,25.0
30293,36.03.16.2012,36.03.16,36.03,36,1710.0,2435.0,2394.0,5.0
30294,36.03.16.2015,36.03.16,36.03,36,2124.0,3177.0,2939.0,25.0
30295,36.03.17.1005,36.03.17,36.03,36,3081.0,3356.0,5259.0,58.0
30296,36.03.17.1006,36.03.17,36.03,36,7688.0,10094.0,19376.0,266.0
30297,36.03.17.2002,36.03.17,36.03,36,2634.0,3584.0,3525.0,17.0
30298,36.03.17.2003,36.03.17,36.03,36,5019.0,5247.0,10315.0,32.0
30299,36.03.17.2004,36.03.17,36.03,36,3046.0,3192.0,6138.0,11.0
30300,36.03.18.1001,36.03.18,36.03,36,3965.0,4238.0,7985.0,39.0
30301,36.03.18.2002,36.03.18,36.03,36,1968.0,2488.0,3245.0,15.0
30302,36.03.18.2005,36.03.18,36.03,36,3612.0,2954.0,6810.0,19.0
30303,36.03.18.2010,36.03.18,36.03,36,3051.0,3238.0,6474.0,19.0
30304,36.03.18.2013,36.03.18,36.03,36,998.0,1317.0,1440.0,1.0
30305,36.03.18.2014,36.03.18,36.03,36,2807.0,2935.0,4939.0,11.0
30306,36.03.19.2003,36.03.19,36.03,36,2165.0,2864.0,2581.0,5.0
30307,36.03.20.2006,36.03.20,36.03,36,2685.0,3214.0,3256.0,37.0
30308,36.03.19.2004,36.03.19,36.03,36,1632.0,2623.0,1234.0,6.0
30309,36.03.19.2006,36.03.19,36.03,36,1873.0,2330.0,1395.0,2.0
30310,36.03.19.2007,36.03.19,36.03,36,6232.0,5871.0,8029.0,64.0
30311,36.03.19.2008,36.03.19,36.03,36,3537.0,3944.0,4426.0,15.0
30312,36.03.20.1011,36.03.20,36.03,36,2613.0,2930.0,3541.0,17.0
30313,36.03.20.2005,36.03.20,36.03,36,1251.0,2417.0,642.0,2.0
30314,36.03.20.2007,36.03.20,36.03,36,2551.0,3180.0,2658.0,10.0
30315,36.03.20.2009,36.03.20,36.03,36,2660.0,3356.0,3638.0,21.0
30316,36.03.22.1004,36.03.22,36.03,36,3052.0,3785.0,5802.0,71.0
30317,36.03.22.2002,36.03.22,36.03,36,1217.0,2048.0,1267.0,4.0
30318,36.03.22.2007,36.03.22,36.03,36,1732.0,3033.0,1522.0,8.0
30319,36.03.22.2011,36.03.22,36.03,36,1579.0,2287.0,1436.0,9.0
30320,36.03.23.2003,36.03.23,36.03,36,1816.0,2613.0,934.0,6.0
30321,36.03.23.2005,36.03.23,36.03,36,5736.0,5529.0,7702.0,66.0
30322,36.03.23.2009,36.03.23,36.03,36,1557.0,2231.0,935.0,1.0
30323,36.03.27.2003,36.03.27,36.03,36,2171.0,2753.0,2132.0,10.0
30324,36.03.27.2008,36.03.27,36.03,36,1268.0,2231.0,1306.0,3.0
30325,36.03.28.1001,36.03.28,36.03,36,3590.0,5086.0,9122.0,137.0
30326,36.03.28.1003,36.03.28,36.03,36,1245.0,1395.0,4355.0,194.0
30327,36.03.28.1005,36.03.28,36.03,36,7061.0,9521.0,15887.0,282.0
30328,36.03.28.2006,36.03.28,36.03,36,1821.0,2778.0,3847.0,83.0
30329,36.03.29.2001,36.03.29,36.03,36,1693.0,2658.0,2187.0,0.0
30330,36.03.29.2002,36.03.29,36.03,36,3516.0,4287.0,5202.0,58.0
30331,36.03.29.2004,36.03.29,36.03,36,2101.0,3185.0,2042.0,6.0
30332,36.03.29.2007,36.03.29,36.03,36,1424.0,2128.0,1087.0,4.0
30333,36.03.30.2001,36.03.30,36.03,36,2356.0,3379.0,2625.0,9.0
30334,36.03.30.2004,36.03.30,36.03,36,1849.0,2766.0,1855.0,4.0
30335,36.03.30.2007,36.03.30,36.03,36,1482.0,2693.0,1136.0,0.0
30336,36.03.31.2002,36.03.31,36.03,36,2911.0,4358.0,2429.0,9.0
30337,36.03.32.2004,36.03.32,36.03,36,1016.0,1868.0,520.0,2.0
30338,36.03.31.2005,36.03.31,36.03,36,1246.0,2056.0,820.0,2.0
30339,36.03.31.2006,36.03.31,36.03,36,3595.0,4164.0,4975.0,27.0
30340,36.03.32.2006,36.03.32,36.03,36,1453.0,2415.0,1065.0,1.0
30341,36.03.33.2002,36.03.33,36.03,36,864.0,1117.0,655.0,0.0
30342,36.03.33.2004,36.03.33,36.03,36,1029.0,1275.0,839.0,2.0
30343,36.03.33.2007,36.03.33,36.03,36,1915.0,2330.0,1722.0,7.0
30344,36.04.05.2001,36.04.05,36.04,36,2727.0,2549.0,2585.0,37.0
30345,36.04.05.2003,36.04.05,36.04,36,3487.0,3397.0,1598.0,23.0
30346,36.04.05.2004,36.04.05,36.04,36,1376.0,1423.0,526.0,3.0
30347,36.04.05.2006,36.04.05,36.04,36,1532.0,1272.0,1284.0,15.0
30348,36.04.05.2007,36.04.05,36.04,36,1151.0,1659.0,698.0,3.0
30349,36.04.05.2008,36.04.05,36.04,36,1096.0,1339.0,370.0,1.0
30350,36.04.05.2009,36.04.05,36.04,36,1717.0,2177.0,362.0,2.0
30351,36.04.05.2011,36.04.05,36.04,36,2259.0,2220.0,1154.0,8.0
30352,36.04.06.2001,36.04.06,36.04,36,2946.0,3161.0,2378.0,18.0
30353,36.04.06.2002,36.04.06,36.04,36,738.0,1041.0,251.0,0.0
30354,36.04.06.2003,36.04.06,36.04,36,858.0,1065.0,413.0,2.0
30355,36.04.06.2004,36.04.06,36.04,36,624.0,892.0,272.0,1.0
30356,36.04.06.2005,36.04.06,36.04,36,841.0,1236.0,372.0,0.0
30357,36.04.06.2007,36.04.06,36.04,36,964.0,1155.0,520.0,0.0
30358,36.04.07.2002,36.04.07,36.04,36,1036.0,1499.0,599.0,10.0
30359,36.04.07.2008,36.04.07,36.04,36,787.0,1255.0,412.0,2.0
30360,36.04.07.2009,36.04.07,36.04,36,777.0,1459.0,176.0,0.0
30361,36.04.07.2010,36.04.07,36.04,36,977.0,1441.0,319.0,3.0
30362,36.04.07.2011,36.04.07,36.04,36,757.0,1427.0,366.0,0.0
30363,36.04.08.2003,36.04.08,36.04,36,906.0,1041.0,585.0,2.0
30364,36.04.08.2004,36.04.08,36.04,36,1161.0,2342.0,353.0,2.0
30365,36.04.08.2005,36.04.08,36.04,36,1231.0,1940.0,758.0,1.0
30366,36.04.08.2007,36.04.08,36.04,36,1075.0,1867.0,304.0,0.0
30367,36.04.08.2009,36.04.08,36.04,36,939.0,1986.0,156.0,0.0
30368,36.04.09.2004,36.04.09,36.04,36,1030.0,1202.0,642.0,1.0
30369,36.04.09.2005,36.04.09,36.04,36,1347.0,1997.0,710.0,3.0
30370,36.04.09.2011,36.04.09,36.04,36,1153.0,1538.0,343.0,0.0
30371,36.04.09.2012,36.04.09,36.04,36,1100.0,1919.0,296.0,2.0
30372,36.04.11.2003,36.04.11,36.04,36,1027.0,1345.0,556.0,0.0
30373,36.04.09.2017,36.04.09,36.04,36,3527.0,2083.0,3467.0,18.0
30374,36.04.11.2007,36.04.11,36.04,36,2813.0,3506.0,2203.0,6.0
30375,36.04.11.2008,36.04.11,36.04,36,1216.0,1831.0,716.0,0.0
30376,36.04.11.2012,36.04.11,36.04,36,782.0,1246.0,584.0,3.0
30377,36.04.11.2014,36.04.11,36.04,36,804.0,1009.0,795.0,3.0
30378,36.04.12.2003,36.04.12,36.04,36,1030.0,2393.0,439.0,10.0
30379,36.04.12.2010,36.04.12,36.04,36,940.0,1718.0,929.0,13.0
30380,36.04.12.2011,36.04.12,36.04,36,921.0,2015.0,485.0,0.0
30381,36.04.12.2012,36.04.12,36.04,36,503.0,1313.0,131.0,4.0
30382,36.04.12.2013,36.04.12,36.04,36,903.0,2056.0,325.0,2.0
30383,36.04.13.2004,36.04.13,36.04,36,570.0,1606.0,84.0,2.0
30384,36.04.13.2006,36.04.13,36.04,36,929.0,2390.0,409.0,22.0
30385,36.04.13.2007,36.04.13,36.04,36,1009.0,3558.0,215.0,1.0
30386,36.04.13.2009,36.04.13,36.04,36,345.0,929.0,44.0,0.0
30387,36.04.13.2010,36.04.13,36.04,36,542.0,1194.0,177.0,6.0
30388,36.04.13.2013,36.04.13,36.04,36,412.0,1039.0,140.0,3.0
30389,36.04.14.2001,36.04.14,36.04,36,646.0,1064.0,181.0,3.0
30390,36.04.15.2013,36.04.15,36.04,36,4592.0,3924.0,5006.0,9.0
30391,36.04.14.2007,36.04.14,36.04,36,1454.0,2237.0,228.0,3.0
30392,36.04.14.2008,36.04.14,36.04,36,1558.0,2767.0,234.0,0.0
30393,36.04.14.2009,36.04.14,36.04,36,869.0,1818.0,147.0,0.0
30394,36.04.15.2001,36.04.15,36.04,36,4668.0,4437.0,4321.0,16.0
30395,36.04.15.2003,36.04.15,36.04,36,1490.0,2349.0,614.0,0.0
30396,36.04.15.2004,36.04.15,36.04,36,2490.0,3199.0,1617.0,5.0
30397,36.04.15.2005,36.04.15,36.04,36,1840.0,2841.0,565.0,0.0
30398,36.04.15.2008,36.04.15,36.04,36,1290.0,1750.0,634.0,0.0
30399,36.04.15.2009,36.04.15,36.04,36,1940.0,2050.0,1523.0,4.0
30400,36.04.15.2010,36.04.15,36.04,36,1365.0,2000.0,267.0,1.0
30401,36.04.15.2011,36.04.15,36.04,36,1495.0,1985.0,497.0,1.0
30402,36.04.16.2001,36.04.16,36.04,36,2191.0,2423.0,1723.0,2.0
30403,36.04.16.2003,36.04.16,36.04,36,1244.0,1621.0,910.0,1.0
30404,36.04.17.2004,36.04.17,36.04,36,1654.0,2562.0,944.0,8.0
30405,36.04.16.2006,36.04.16,36.04,36,1284.0,2028.0,692.0,0.0
30406,36.04.16.2007,36.04.16,36.04,36,1370.0,1520.0,947.0,3.0
30407,36.04.16.2008,36.04.16,36.04,36,1790.0,1612.0,1601.0,1.0
30408,36.04.17.2001,36.04.17,36.04,36,998.0,1193.0,229.0,0.0
30409,36.04.17.2009,36.04.17,36.04,36,1460.0,1870.0,370.0,2.0
30410,36.04.17.2010,36.04.17,36.04,36,1409.0,1875.0,282.0,0.0
30411,36.04.18.2001,36.04.18,36.04,36,948.0,1599.0,768.0,3.0
30412,36.04.18.2002,36.04.18,36.04,36,856.0,1162.0,817.0,1.0
30413,36.04.18.2003,36.04.18,36.04,36,558.0,789.0,330.0,3.0
30414,36.04.18.2005,36.04.18,36.04,36,879.0,1365.0,521.0,1.0
30415,36.04.18.2007,36.04.18,36.04,36,1054.0,1406.0,935.0,0.0
30416,36.04.19.2002,36.04.19,36.04,36,1118.0,1627.0,388.0,7.0
30417,36.04.19.2004,36.04.19,36.04,36,1438.0,2099.0,555.0,3.0
30418,36.04.19.2009,36.04.19,36.04,36,765.0,1110.0,307.0,2.0
30419,36.04.19.2010,36.04.19,36.04,36,818.0,1215.0,233.0,2.0
30420,36.04.19.2013,36.04.19,36.04,36,756.0,1114.0,319.0,5.0
30421,36.04.19.2014,36.04.19,36.04,36,830.0,1227.0,384.0,7.0
30422,36.04.19.2015,36.04.19,36.04,36,452.0,812.0,149.0,0.0
30423,36.04.20.2001,36.04.20,36.04,36,1306.0,2003.0,364.0,6.0
30424,36.04.20.2003,36.04.20,36.04,36,1364.0,2591.0,178.0,1.0
30425,36.04.20.2006,36.04.20,36.04,36,1202.0,1587.0,110.0,0.0
30426,36.04.20.2008,36.04.20,36.04,36,1789.0,2421.0,300.0,2.0
30427,36.04.20.2009,36.04.20,36.04,36,521.0,968.0,111.0,0.0
30428,36.04.22.2003,36.04.22,36.04,36,1750.0,1879.0,636.0,3.0
30429,36.04.22.2004,36.04.22,36.04,36,1508.0,1632.0,481.0,0.0
30430,36.04.22.2005,36.04.22,36.04,36,795.0,971.0,295.0,1.0
30431,36.04.22.2007,36.04.22,36.04,36,1478.0,1967.0,355.0,2.0
30432,36.04.22.2010,36.04.22,36.04,36,1029.0,1104.0,317.0,0.0
30433,36.04.23.2002,36.04.23,36.04,36,1663.0,2342.0,611.0,0.0
30434,36.04.23.2005,36.04.23,36.04,36,1357.0,1843.0,379.0,5.0
30435,36.04.23.2006,36.04.23,36.04,36,1043.0,1130.0,401.0,4.0
30436,36.04.23.2007,36.04.23,36.04,36,1507.0,1775.0,825.0,4.0
30437,36.04.23.2008,36.04.23,36.04,36,2013.0,2550.0,449.0,2.0
30438,36.04.23.2010,36.04.23,36.04,36,762.0,1422.0,215.0,1.0
30439,36.04.23.2014,36.04.23,36.04,36,882.0,1221.0,296.0,0.0
30440,36.04.23.2016,36.04.23,36.04,36,1225.0,1592.0,475.0,4.0
30441,36.04.24.2001,36.04.24,36.04,36,1599.0,2145.0,720.0,10.0
30442,36.04.24.2002,36.04.24,36.04,36,1544.0,2409.0,219.0,3.0
30443,36.04.24.2004,36.04.24,36.04,36,1533.0,2030.0,273.0,2.0
30444,36.04.24.2018,36.04.24,36.04,36,1126.0,1635.0,139.0,4.0
30445,36.04.25.2002,36.04.25,36.04,36,1258.0,2351.0,331.0,2.0
30446,36.04.28.2010,36.04.28,36.04,36,2479.0,2759.0,507.0,0.0
30447,36.04.25.2004,36.04.25,36.04,36,1224.0,2473.0,332.0,7.0
30448,36.04.25.2005,36.04.25,36.04,36,1343.0,2479.0,451.0,3.0
30449,36.04.25.2009,36.04.25,36.04,36,492.0,1059.0,222.0,0.0
30450,36.04.26.2001,36.04.26,36.04,36,1553.0,1816.0,688.0,2.0
30451,36.04.26.2002,36.04.26,36.04,36,1177.0,1650.0,536.0,3.0
30452,36.04.26.2003,36.04.26,36.04,36,2103.0,2770.0,975.0,7.0
30453,36.04.27.2001,36.04.27,36.04,36,820.0,1709.0,325.0,3.0
30454,36.04.26.2004,36.04.26,36.04,36,1766.0,2516.0,387.0,2.0
30455,36.04.26.2005,36.04.26,36.04,36,1718.0,2930.0,551.0,2.0
30456,36.04.26.2007,36.04.26,36.04,36,1674.0,2305.0,722.0,0.0
30457,36.04.26.2008,36.04.26,36.04,36,1796.0,1920.0,1150.0,1.0
30458,36.04.26.2009,36.04.26,36.04,36,2143.0,2402.0,1183.0,0.0
30459,36.04.27.2003,36.04.27,36.04,36,899.0,1600.0,264.0,0.0
30460,36.04.27.2009,36.04.27,36.04,36,601.0,1171.0,148.0,0.0
30461,36.04.27.2011,36.04.27,36.04,36,856.0,1315.0,195.0,0.0
30462,36.04.29.2013,36.04.29,36.04,36,1147.0,1463.0,324.0,0.0
30463,36.04.28.2006,36.04.28,36.04,36,1700.0,1698.0,425.0,2.0
30464,36.04.28.2007,36.04.28,36.04,36,1034.0,1175.0,187.0,0.0
30465,36.04.28.2009,36.04.28,36.04,36,1988.0,1958.0,371.0,1.0
30466,36.04.28.2012,36.04.28,36.04,36,2111.0,2423.0,568.0,4.0
30467,36.04.28.2015,36.04.28,36.04,36,474.0,547.0,63.0,0.0
30468,36.04.29.2001,36.04.29,36.04,36,1498.0,1742.0,556.0,4.0
30469,36.04.29.2014,36.04.29,36.04,36,722.0,934.0,199.0,0.0
30470,36.04.29.2003,36.04.29,36.04,36,1182.0,1662.0,253.0,1.0
30471,36.04.29.2004,36.04.29,36.04,36,2455.0,2992.0,601.0,3.0
30472,36.04.29.2005,36.04.29,36.04,36,924.0,984.0,334.0,3.0
30473,36.04.29.2006,36.04.29,36.04,36,2091.0,2310.0,783.0,1.0
30474,36.04.29.2007,36.04.29,36.04,36,749.0,987.0,73.0,0.0
30475,36.04.29.2009,36.04.29,36.04,36,1138.0,1726.0,397.0,4.0
30476,36.04.29.2010,36.04.29,36.04,36,1428.0,1935.0,293.0,3.0
30477,36.04.29.2012,36.04.29,36.04,36,1282.0,1751.0,440.0,0.0
30478,36.04.30.2002,36.04.30,36.04,36,1249.0,1657.0,415.0,0.0
30479,36.04.30.2005,36.04.30,36.04,36,1272.0,1808.0,780.0,2.0
30480,36.04.30.2007,36.04.30,36.04,36,1472.0,2038.0,674.0,6.0
30481,36.04.30.2008,36.04.30,36.04,36,813.0,1437.0,321.0,0.0
30482,36.04.31.2001,36.04.31,36.04,36,1425.0,1868.0,783.0,7.0
30483,36.04.31.2002,36.04.31,36.04,36,1362.0,1433.0,550.0,3.0
30484,36.04.31.2007,36.04.31,36.04,36,1237.0,1534.0,505.0,0.0
30485,36.04.31.2005,36.04.31,36.04,36,1855.0,2188.0,868.0,3.0
30486,36.04.31.2006,36.04.31,36.04,36,1367.0,2090.0,331.0,1.0
30487,36.04.31.2008,36.04.31,36.04,36,954.0,1516.0,182.0,1.0
30488,36.04.31.2009,36.04.31,36.04,36,1210.0,1890.0,457.0,3.0
30489,36.04.31.2010,36.04.31,36.04,36,1384.0,1980.0,676.0,10.0
30490,36.04.31.2012,36.04.31,36.04,36,717.0,930.0,157.0,0.0
30491,36.04.32.2001,36.04.32,36.04,36,1291.0,1464.0,504.0,0.0
30492,36.04.32.2003,36.04.32,36.04,36,1344.0,1671.0,444.0,1.0
30493,36.04.32.2006,36.04.32,36.04,36,766.0,1205.0,261.0,2.0
30494,36.04.32.2012,36.04.32,36.04,36,1533.0,1671.0,638.0,3.0
30495,36.04.33.2003,36.04.33,36.04,36,1150.0,1589.0,280.0,0.0
30496,36.04.32.2014,36.04.32,36.04,36,452.0,727.0,144.0,0.0
30497,36.04.33.2002,36.04.33,36.04,36,1143.0,1450.0,329.0,0.0
30498,36.04.33.2004,36.04.33,36.04,36,729.0,1062.0,186.0,0.0
30499,36.04.33.2006,36.04.33,36.04,36,616.0,777.0,127.0,0.0
30500,36.04.33.2007,36.04.33,36.04,36,593.0,1067.0,130.0,1.0
30501,36.04.34.2001,36.04.34,36.04,36,2451.0,3209.0,490.0,0.0
30502,36.04.34.2002,36.04.34,36.04,36,1861.0,2348.0,366.0,0.0
30503,36.04.34.2004,36.04.34,36.04,36,1193.0,1780.0,341.0,6.0
30504,36.04.34.2005,36.04.34,36.04,36,988.0,1260.0,319.0,1.0
30505,36.04.34.2006,36.04.34,36.04,36,1318.0,1517.0,509.0,4.0
30506,36.04.34.2008,36.04.34,36.04,36,1367.0,1655.0,268.0,0.0
30507,36.04.35.2002,36.04.35,36.04,36,1094.0,1872.0,441.0,2.0
30508,36.04.35.2003,36.04.35,36.04,36,618.0,1306.0,169.0,0.0
30509,36.71.01.1003,36.71.01,36.71,36,5768.0,7575.0,12221.0,140.0
30510,36.71.01.1004,36.71.01,36.71,36,4011.0,6091.0,7462.0,92.0
30511,36.71.01.1007,36.71.01,36.71,36,3498.0,4998.0,9258.0,140.0
30512,36.71.02.1001,36.71.02,36.71,36,2974.0,2839.0,8102.0,36.0
30513,36.71.02.1002,36.71.02,36.71,36,2449.0,2357.0,6578.0,14.0
30514,36.71.02.1003,36.71.02,36.71,36,2647.0,2966.0,6494.0,13.0
30515,36.71.03.1002,36.71.03,36.71,36,1672.0,2254.0,3937.0,25.0
30516,36.71.03.1003,36.71.03,36.71,36,2853.0,3572.0,6720.0,58.0
30517,36.71.04.1003,36.71.04,36.71,36,2145.0,4240.0,3604.0,15.0
30518,36.71.05.1001,36.71.05,36.71,36,4152.0,5419.0,8860.0,112.0
30519,36.71.05.1002,36.71.05,36.71,36,4589.0,6128.0,10840.0,97.0
30520,36.71.05.1006,36.71.05,36.71,36,2979.0,4104.0,6545.0,69.0
30521,36.71.05.1008,36.71.05,36.71,36,2726.0,3418.0,5639.0,54.0
30522,36.71.05.1010,36.71.05,36.71,36,3301.0,4597.0,7801.0,188.0
30523,36.71.07.1009,36.71.07,36.71,36,2388.0,2813.0,5530.0,42.0
30524,36.71.06.1005,36.71.06,36.71,36,2357.0,3467.0,5738.0,53.0
30525,36.71.06.1006,36.71.06,36.71,36,3130.0,4539.0,8069.0,52.0
30526,36.71.06.1007,36.71.06,36.71,36,2216.0,3363.0,5585.0,52.0
30527,36.71.06.1008,36.71.06,36.71,36,2508.0,3496.0,6261.0,52.0
30528,36.71.07.1001,36.71.07,36.71,36,1230.0,1848.0,2499.0,9.0
30529,36.71.07.1010,36.71.07,36.71,36,2931.0,2932.0,6424.0,28.0
30530,36.71.07.1011,36.71.07,36.71,36,2319.0,2705.0,5699.0,46.0
30531,36.71.07.1012,36.71.07,36.71,36,1177.0,1342.0,2828.0,20.0
30532,36.71.07.1015,36.71.07,36.71,36,853.0,1096.0,2133.0,33.0
30533,36.71.08.1004,36.71.08,36.71,36,3744.0,4537.0,10351.0,52.0
30534,36.71.08.1005,36.71.08,36.71,36,2328.0,3248.0,6506.0,34.0
30535,36.71.09.1001,36.71.09,36.71,36,4651.0,5496.0,10650.0,80.0
30536,36.71.09.1002,36.71.09,36.71,36,5563.0,5675.0,14341.0,242.0
30537,36.71.09.1005,36.71.09,36.71,36,4618.0,5390.0,12109.0,88.0
30538,36.71.09.1006,36.71.09,36.71,36,2761.0,2415.0,7711.0,21.0
30539,36.71.10.1001,36.71.10,36.71,36,3225.0,5091.0,5393.0,17.0
30540,36.71.10.1002,36.71.10,36.71,36,4336.0,6846.0,7304.0,87.0
30541,36.71.10.1005,36.71.10,36.71,36,2001.0,3193.0,4093.0,22.0
30542,36.71.10.1007,36.71.10,36.71,36,1568.0,3192.0,2012.0,4.0
30543,36.71.11.1004,36.71.11,36.71,36,2503.0,3182.0,5266.0,66.0
30544,36.71.11.1008,36.71.11,36.71,36,1228.0,2142.0,2133.0,13.0
30545,36.71.11.1009,36.71.11,36.71,36,1669.0,2409.0,3615.0,16.0
30546,36.71.11.1011,36.71.11,36.71,36,451.0,980.0,829.0,1.0
30547,36.71.12.1001,36.71.12,36.71,36,3940.0,5402.0,10482.0,158.0
30548,36.71.12.1002,36.71.12,36.71,36,1958.0,3067.0,4941.0,74.0
30549,36.71.12.1003,36.71.12,36.71,36,1847.0,2642.0,4818.0,76.0
30550,36.71.12.1004,36.71.12,36.71,36,1816.0,2496.0,4689.0,55.0
30551,36.71.12.1007,36.71.12,36.71,36,1048.0,1559.0,1974.0,6.0
30552,36.71.13.1005,36.71.13,36.71,36,2104.0,2904.0,5772.0,76.0
30553,36.71.13.1006,36.71.13,36.71,36,3094.0,4801.0,8773.0,91.0
30554,36.71.13.1007,36.71.13,36.71,36,2230.0,3214.0,6146.0,78.0
30555,36.72.01.1002,36.72.01,36.72,36,1754.0,2827.0,2019.0,46.0
30556,36.72.01.1003,36.72.01,36.72,36,1109.0,2135.0,401.0,8.0
30557,36.72.01.1006,36.72.01,36.72,36,1506.0,2223.0,1367.0,10.0
30558,36.72.03.1004,36.72.03,36.72,36,1610.0,2600.0,1205.0,6.0
30559,36.72.02.1004,36.72.02,36.72,36,1322.0,2088.0,1679.0,9.0
30560,36.72.02.1005,36.72.02,36.72,36,1817.0,2833.0,3457.0,59.0
30561,36.72.04.1001,36.72.04,36.72,36,1694.0,2508.0,994.0,3.0
30562,36.72.03.1003,36.72.03,36.72,36,3227.0,4373.0,2359.0,14.0
30563,36.72.04.1003,36.72.04,36.72,36,1798.0,2544.0,1248.0,8.0
30564,36.72.04.1004,36.72.04,36.72,36,1621.0,2367.0,1454.0,5.0
30565,36.72.05.1003,36.72.05,36.72,36,2903.0,4183.0,3455.0,46.0
30566,36.72.05.1001,36.72.05,36.72,36,2374.0,3116.0,2718.0,34.0
30567,36.72.05.1004,36.72.05,36.72,36,2023.0,2785.0,2394.0,46.0
30568,36.72.05.1005,36.72.05,36.72,36,1525.0,2448.0,1474.0,20.0
30569,36.72.06.1002,36.72.06,36.72,36,934.0,1712.0,654.0,0.0
30570,36.72.06.1004,36.72.06,36.72,36,3096.0,4847.0,2686.0,33.0
30571,36.72.07.1002,36.72.07,36.72,36,1714.0,2405.0,2316.0,74.0
30572,36.72.08.1001,36.72.08,36.72,36,2933.0,3494.0,3441.0,36.0
30573,36.72.08.1002,36.72.08,36.72,36,1769.0,2730.0,987.0,2.0
30574,36.72.08.1003,36.72.08,36.72,36,1619.0,2751.0,1182.0,7.0
30575,36.73.03.1002,36.73.03,36.73,36,1301.0,1397.0,732.0,3.0
30576,36.72.08.1004,36.72.08,36.72,36,1412.0,2300.0,1953.0,22.0
30577,36.73.03.1003,36.73.03,36.73,36,1164.0,1474.0,816.0,2.0
30578,36.73.01.1001,36.73.01,36.73,36,8271.0,5886.0,8163.0,158.0
30579,36.73.01.1002,36.73.01,36.73,36,6989.0,6480.0,6387.0,62.0
30580,36.73.01.1004,36.73.01,36.73,36,1767.0,2103.0,1436.0,15.0
30581,36.73.01.1007,36.73.01,36.73,36,11703.0,9689.0,9349.0,79.0
30582,36.73.01.1009,36.73.01,36.73,36,2454.0,2122.0,2644.0,43.0
30583,36.73.01.1010,36.73.01,36.73,36,6048.0,4753.0,5595.0,89.0
30584,36.73.01.1011,36.73.01,36.73,36,2240.0,2175.0,1409.0,5.0
30585,36.73.02.1001,36.73.02,36.73,36,4417.0,4259.0,2663.0,6.0
30586,36.73.02.1002,36.73.02,36.73,36,2719.0,2540.0,1089.0,6.0
30587,36.73.03.1004,36.73.03,36.73,36,2385.0,2605.0,1945.0,5.0
30588,36.73.03.1006,36.73.03,36.73,36,1573.0,1906.0,923.0,4.0
30589,36.73.02.1007,36.73.02,36.73,36,5272.0,6291.0,2086.0,8.0
30590,36.73.02.1008,36.73.02,36.73,36,3178.0,4026.0,904.0,2.0
30591,36.73.02.1010,36.73.02,36.73,36,2675.0,2754.0,1206.0,8.0
30592,36.73.02.1011,36.73.02,36.73,36,2514.0,3039.0,679.0,2.0
30593,36.73.03.1007,36.73.03,36.73,36,2970.0,2856.0,1788.0,1.0
30594,36.73.03.1011,36.73.03,36.73,36,1130.0,1529.0,766.0,0.0
30595,36.73.03.1013,36.73.03,36.73,36,868.0,1135.0,657.0,0.0
30596,36.73.04.1004,36.73.04,36.73,36,1007.0,1534.0,1024.0,0.0
30597,36.73.04.1007,36.73.04,36.73,36,1119.0,1439.0,584.0,0.0
30598,36.73.04.1008,36.73.04,36.73,36,1151.0,1746.0,792.0,6.0
30599,36.73.05.1001,36.73.05,36.73,36,4070.0,3278.0,3431.0,56.0
30600,36.73.05.1002,36.73.05,36.73,36,2404.0,2255.0,1534.0,16.0
30601,36.73.05.1005,36.73.05,36.73,36,5896.0,4096.0,4932.0,109.0
30602,36.73.06.1004,36.73.06,36.73,36,1318.0,1426.0,629.0,2.0
30603,36.73.06.1006,36.73.06,36.73,36,2919.0,2688.0,1099.0,2.0
30604,36.73.06.1011,36.73.06,36.73,36,2164.0,1798.0,1541.0,14.0
30605,36.74.01.1001,36.74.01,36.74,36,4405.0,4975.0,6907.0,119.0
30606,36.74.04.1005,36.74.04,36.74,36,3130.0,3927.0,6528.0,72.0
30607,36.74.01.1002,36.74.01,36.74,36,3869.0,4927.0,9184.0,326.0
30608,36.74.01.1003,36.74.01,36.74,36,2377.0,3007.0,5784.0,117.0
30609,36.74.01.1006,36.74.01,36.74,36,3034.0,4068.0,5023.0,64.0
30610,36.74.01.1007,36.74.01,36.74,36,1621.0,2118.0,3612.0,78.0
30611,36.74.01.1008,36.74.01,36.74,36,1624.0,2222.0,3247.0,54.0
30612,36.74.02.1002,36.74.02,36.74,36,2502.0,2726.0,6071.0,65.0
30613,36.74.02.1004,36.74.02,36.74,36,3241.0,3543.0,7490.0,131.0
30614,36.74.02.1005,36.74.02,36.74,36,3043.0,3464.0,6197.0,70.0
30615,36.74.02.1006,36.74.02,36.74,36,4282.0,5619.0,10902.0,230.0
30616,36.74.02.1007,36.74.02,36.74,36,1153.0,1677.0,2391.0,28.0
30617,36.74.03.1001,36.74.03,36.74,36,5189.0,7183.0,12669.0,133.0
30618,36.74.03.1003,36.74.03,36.74,36,3844.0,5326.0,9010.0,160.0
30619,36.74.03.1008,36.74.03,36.74,36,3188.0,4328.0,5292.0,84.0
30620,36.74.03.1011,36.74.03,36.74,36,4494.0,5605.0,10677.0,167.0
30621,36.74.04.1003,36.74.04,36.74,36,3994.0,5174.0,8519.0,70.0
30622,36.74.04.1006,36.74.04,36.74,36,6845.0,7710.0,12778.0,135.0
30623,36.74.05.1003,36.74.05,36.74,36,5525.0,6591.0,13776.0,363.0
30624,36.74.05.1004,36.74.05,36.74,36,4048.0,5072.0,9592.0,193.0
30625,36.74.05.1005,36.74.05,36.74,36,4105.0,5462.0,10910.0,156.0
30626,36.74.06.1001,36.74.06,36.74,36,7556.0,9693.0,19357.0,353.0
30627,36.74.06.1002,36.74.06,36.74,36,6177.0,7249.0,14937.0,283.0
30628,36.74.06.1003,36.74.06,36.74,36,7405.0,9368.0,17096.0,263.0
30629,36.74.07.1001,36.74.07,36.74,36,1839.0,2445.0,2843.0,24.0
30630,36.74.07.1002,36.74.07,36.74,36,2239.0,2390.0,4699.0,91.0
30631,36.74.07.1005,36.74.07,36.74,36,1866.0,2309.0,3059.0,36.0
30632,36.74.07.1006,36.74.07,36.74,36,2647.0,3490.0,5336.0,91.0
30633,36.01.19.2010,36.01.19,36.01,36,1123.0,1418.0,1385.0,12.0
30634,36.01.22.2003,36.01.22,36.01,36,538.0,698.0,270.0,2.0
30635,36.04.11.2005,36.04.11,36.04,36,945.0,1055.0,715.0,1.0
30636,36.04.12.2001,36.04.12,36.04,36,1004.0,1550.0,756.0,17.0
30637,36.01.01.2001,36.01.01,36.01,36,691.0,1994.0,778.0,2.0
30638,36.01.01.2004,36.01.01,36.01,36,628.0,1353.0,594.0,0.0
30639,36.01.12.2004,36.01.12,36.01,36,1461.0,2590.0,910.0,8.0
30640,36.01.01.2006,36.01.01,36.01,36,545.0,1400.0,550.0,1.0
30641,36.01.02.2002,36.01.02,36.01,36,647.0,1309.0,476.0,3.0
30642,36.01.02.2011,36.01.02,36.01,36,421.0,1051.0,616.0,0.0
30643,36.01.02.2008,36.01.02,36.01,36,479.0,1169.0,539.0,4.0
30644,36.01.02.2009,36.01.02,36.01,36,450.0,1029.0,444.0,2.0
30645,36.01.10.2006,36.01.10,36.01,36,757.0,1209.0,996.0,4.0
30646,36.01.02.2012,36.01.02,36.01,36,529.0,1254.0,462.0,0.0
30647,36.01.03.2001,36.01.03,36.01,36,617.0,1056.0,325.0,3.0
30648,36.01.03.2006,36.01.03,36.01,36,608.0,750.0,220.0,3.0
30649,36.01.03.2016,36.01.03,36.01,36,464.0,924.0,212.0,0.0
30650,36.01.03.2012,36.01.03,36.01,36,1025.0,1565.0,430.0,1.0
30651,36.01.03.2015,36.01.03,36.01,36,734.0,1585.0,281.0,4.0
30652,36.01.04.2001,36.01.04,36.01,36,1204.0,2199.0,549.0,0.0
30653,36.01.04.2003,36.01.04,36.01,36,630.0,1185.0,497.0,5.0
30654,36.01.04.2005,36.01.04,36.01,36,576.0,1082.0,272.0,2.0
30655,36.01.04.2006,36.01.04,36.01,36,1044.0,1915.0,638.0,2.0
30656,36.01.07.2002,36.01.07,36.01,36,498.0,1120.0,427.0,4.0
30657,36.01.04.2009,36.01.04,36.01,36,573.0,904.0,354.0,1.0
30658,36.01.04.2013,36.01.04,36.01,36,712.0,1500.0,564.0,9.0
30659,36.01.04.2014,36.01.04,36.01,36,1095.0,2122.0,1093.0,9.0
30660,36.01.12.2012,36.01.12,36.01,36,1764.0,2671.0,1308.0,11.0
30661,36.01.05.2001,36.01.05,36.01,36,689.0,1716.0,327.0,0.0
30662,36.01.05.2002,36.01.05,36.01,36,628.0,1177.0,379.0,1.0
30663,36.01.12.2013,36.01.12,36.01,36,1647.0,2696.0,1021.0,9.0
30664,36.01.07.2003,36.01.07,36.01,36,385.0,965.0,379.0,1.0
30665,36.01.05.2005,36.01.05,36.01,36,736.0,1230.0,548.0,2.0
30666,36.01.05.2006,36.01.05,36.01,36,809.0,1688.0,634.0,1.0
30667,36.01.05.2010,36.01.05,36.01,36,651.0,1438.0,508.0,2.0
30668,36.01.06.2002,36.01.06,36.01,36,882.0,1721.0,943.0,0.0
30669,36.01.06.2004,36.01.06,36.01,36,902.0,1730.0,539.0,6.0
30670,36.01.13.2006,36.01.13,36.01,36,387.0,740.0,625.0,4.0
30671,36.01.06.2009,36.01.06,36.01,36,2411.0,4558.0,1441.0,13.0
30672,36.01.07.2005,36.01.07,36.01,36,720.0,1384.0,638.0,4.0
30673,36.01.13.2011,36.01.13,36.01,36,1400.0,1534.0,1759.0,27.0
30674,36.01.07.2001,36.01.07,36.01,36,1050.0,1782.0,722.0,8.0
30675,36.01.09.2005,36.01.09,36.01,36,410.0,704.0,413.0,2.0
30676,36.01.08.2002,36.01.08,36.01,36,825.0,1468.0,647.0,2.0
30677,36.01.08.2006,36.01.08,36.01,36,499.0,1141.0,607.0,0.0
30678,36.01.08.2007,36.01.08,36.01,36,475.0,808.0,294.0,0.0
30679,36.01.09.2006,36.01.09,36.01,36,605.0,845.0,489.0,3.0
30680,36.01.08.2008,36.01.08,36.01,36,554.0,734.0,665.0,10.0
30681,36.01.08.2009,36.01.08,36.01,36,541.0,956.0,428.0,5.0
30682,36.01.08.2011,36.01.08,36.01,36,412.0,750.0,339.0,2.0
30683,36.01.09.2004,36.01.09,36.01,36,911.0,1404.0,531.0,5.0
30684,36.01.09.2009,36.01.09,36.01,36,621.0,1083.0,425.0,1.0
30685,36.01.09.2010,36.01.09,36.01,36,688.0,1129.0,374.0,0.0
30686,36.01.09.2011,36.01.09,36.01,36,272.0,622.0,186.0,0.0
30687,36.01.09.2013,36.01.09,36.01,36,988.0,1669.0,664.0,4.0
30688,36.01.10.2002,36.01.10,36.01,36,681.0,1050.0,638.0,7.0
30689,36.01.13.2012,36.01.13,36.01,36,624.0,1030.0,592.0,1.0
30690,36.01.10.2005,36.01.10,36.01,36,928.0,1242.0,770.0,3.0
30691,36.01.11.2001,36.01.11,36.01,36,1214.0,2215.0,782.0,0.0
30692,36.01.11.2002,36.01.11,36.01,36,1030.0,1637.0,1227.0,14.0
30693,36.01.11.2004,36.01.11,36.01,36,904.0,1424.0,823.0,7.0
30694,36.01.11.2008,36.01.11,36.01,36,1047.0,2064.0,810.0,2.0
30695,36.01.12.2002,36.01.12,36.01,36,2565.0,3000.0,2628.0,24.0
30696,36.01.13.2005,36.01.13,36.01,36,1288.0,1352.0,1889.0,22.0
30697,36.01.13.2013,36.01.13,36.01,36,480.0,710.0,443.0,0.0
30698,36.01.14.2002,36.01.14,36.01,36,647.0,925.0,437.0,2.0
30699,36.01.14.2012,36.01.14,36.01,36,611.0,898.0,377.0,0.0
30700,36.01.14.2013,36.01.14,36.01,36,1050.0,1136.0,1061.0,2.0
30701,36.01.14.2008,36.01.14,36.01,36,377.0,545.0,231.0,2.0
30702,36.01.14.2009,36.01.14,36.01,36,750.0,1154.0,683.0,0.0
30703,36.01.14.2011,36.01.14,36.01,36,1007.0,1087.0,1192.0,4.0
30704,36.01.15.2001,36.01.15,36.01,36,945.0,1304.0,1097.0,15.0
30705,36.01.15.2002,36.01.15,36.01,36,719.0,1056.0,630.0,4.0
30706,36.01.15.2006,36.01.15,36.01,36,603.0,786.0,541.0,2.0
30707,36.01.15.2008,36.01.15,36.01,36,458.0,674.0,373.0,0.0
30708,36.01.16.2001,36.01.16,36.01,36,502.0,759.0,545.0,5.0
30709,36.01.16.2012,36.01.16,36.01,36,590.0,754.0,632.0,5.0
30710,36.01.16.2005,36.01.16,36.01,36,580.0,898.0,725.0,2.0
30711,36.01.16.2006,36.01.16,36.01,36,450.0,802.0,469.0,3.0
30712,36.01.16.2007,36.01.16,36.01,36,325.0,553.0,238.0,2.0
30713,36.01.16.2008,36.01.16,36.01,36,358.0,660.0,317.0,0.0
30714,36.01.16.2013,36.01.16,36.01,36,590.0,907.0,785.0,0.0
30715,36.01.17.2002,36.01.17,36.01,36,984.0,1479.0,894.0,4.0
30716,36.01.17.2003,36.01.17,36.01,36,1193.0,1468.0,970.0,1.0
30717,36.01.17.2007,36.01.17,36.01,36,684.0,1176.0,578.0,2.0
30718,36.01.17.2009,36.01.17,36.01,36,903.0,1472.0,394.0,2.0
30719,36.01.17.2011,36.01.17,36.01,36,623.0,1073.0,481.0,2.0
30720,36.01.17.2013,36.01.17,36.01,36,658.0,875.0,461.0,0.0
30721,36.01.18.2002,36.01.18,36.01,36,1144.0,1239.0,1227.0,3.0
30722,36.01.18.2005,36.01.18,36.01,36,750.0,948.0,950.0,5.0
30723,36.01.18.2006,36.01.18,36.01,36,1109.0,1288.0,1158.0,0.0
30724,36.01.18.2015,36.01.18,36.01,36,549.0,777.0,649.0,1.0
30725,36.01.19.2002,36.01.19,36.01,36,556.0,617.0,322.0,0.0
30726,36.01.19.2003,36.01.19,36.01,36,1307.0,1548.0,1135.0,4.0
30727,36.01.19.2005,36.01.19,36.01,36,1676.0,1565.0,1273.0,7.0
30728,36.01.19.2006,36.01.19,36.01,36,827.0,1027.0,981.0,3.0
30729,36.01.19.2007,36.01.19,36.01,36,1016.0,1376.0,1105.0,4.0
30730,36.01.19.2009,36.01.19,36.01,36,630.0,803.0,438.0,0.0
30731,36.01.20.2005,36.01.20,36.01,36,411.0,607.0,265.0,2.0
30732,36.01.20.2008,36.01.20,36.01,36,1042.0,1330.0,889.0,2.0
30733,36.01.20.2010,36.01.20,36.01,36,531.0,644.0,634.0,18.0
30734,36.01.21.1003,36.01.21,36.01,36,1570.0,1836.0,1024.0,6.0
30735,36.01.21.1004,36.01.21,36.01,36,2793.0,2719.0,2610.0,24.0
30736,36.01.22.2005,36.01.22,36.01,36,611.0,746.0,625.0,3.0
30737,36.01.22.2008,36.01.22,36.01,36,1363.0,1260.0,1193.0,10.0
30738,36.01.23.2003,36.01.23,36.01,36,453.0,744.0,557.0,1.0
30739,36.01.23.2005,36.01.23,36.01,36,284.0,618.0,427.0,0.0
30740,36.01.23.2006,36.01.23,36.01,36,698.0,1189.0,609.0,4.0
30741,36.01.23.2008,36.01.23,36.01,36,438.0,584.0,348.0,0.0
30742,36.01.24.2018,36.01.24,36.01,36,471.0,1032.0,273.0,2.0
30743,36.01.24.2014,36.01.24,36.01,36,821.0,1339.0,550.0,2.0
30744,36.01.24.2015,36.01.24,36.01,36,661.0,1522.0,622.0,3.0
30745,36.01.24.2017,36.01.24,36.01,36,473.0,901.0,452.0,0.0
30746,36.01.25.1001,36.01.25,36.01,36,2007.0,2026.0,2133.0,27.0
30747,36.01.25.1003,36.01.25,36.01,36,1869.0,2211.0,1674.0,19.0
30748,36.01.25.1014,36.01.25,36.01,36,1785.0,2057.0,1701.0,4.0
30749,36.01.28.2001,36.01.28,36.01,36,488.0,1240.0,824.0,2.0
30750,36.01.26.2002,36.01.26,36.01,36,520.0,767.0,579.0,0.0
30751,36.01.26.2003,36.01.26,36.01,36,1152.0,1420.0,1326.0,10.0
30752,36.01.26.2005,36.01.26,36.01,36,1221.0,1595.0,1288.0,19.0
30753,36.01.26.2007,36.01.26,36.01,36,398.0,646.0,565.0,1.0
30754,36.01.27.2004,36.01.27,36.01,36,815.0,1140.0,511.0,2.0
30755,36.01.27.2008,36.01.27,36.01,36,276.0,670.0,118.0,0.0
30756,36.01.27.2009,36.01.27,36.01,36,325.0,665.0,192.0,0.0
30757,36.01.28.2008,36.01.28,36.01,36,500.0,876.0,191.0,0.0
30758,36.01.28.2009,36.01.28,36.01,36,345.0,502.0,235.0,1.0
30759,36.01.29.2001,36.01.29,36.01,36,425.0,905.0,150.0,2.0
30760,36.01.33.2001,36.01.33,36.01,36,462.0,531.0,333.0,2.0
30761,36.01.29.2010,36.01.29,36.01,36,643.0,1577.0,279.0,1.0
30762,36.04.35.2008,36.04.35,36.04,36,1067.0,1392.0,150.0,1.0
30763,36.01.30.2005,36.01.30,36.01,36,422.0,721.0,451.0,0.0
30764,36.01.30.2007,36.01.30,36.01,36,552.0,569.0,365.0,0.0
30765,36.01.30.2008,36.01.30,36.01,36,541.0,820.0,547.0,0.0
30766,36.01.32.2007,36.01.32,36.01,36,640.0,932.0,370.0,0.0
30767,36.01.31.2003,36.01.31,36.01,36,785.0,1428.0,609.0,3.0
30768,36.01.31.2005,36.01.31,36.01,36,405.0,856.0,270.0,5.0
30769,36.01.31.2007,36.01.31,36.01,36,412.0,942.0,387.0,0.0
30770,36.01.31.2008,36.01.31,36.01,36,440.0,802.0,455.0,3.0
30771,36.01.32.2004,36.01.32,36.01,36,1065.0,969.0,416.0,4.0
30772,36.01.33.2003,36.01.33,36.01,36,286.0,430.0,269.0,0.0
30773,36.01.33.2006,36.01.33,36.01,36,562.0,564.0,449.0,4.0
30774,36.01.33.2010,36.01.33,36.01,36,372.0,462.0,345.0,1.0
30775,36.01.33.2011,36.01.33,36.01,36,287.0,444.0,225.0,0.0
30776,36.01.33.2012,36.01.33,36.01,36,331.0,332.0,295.0,2.0
30777,36.01.34.1001,36.01.34,36.01,36,2937.0,2946.0,3176.0,27.0
30778,36.01.35.2001,36.01.35,36.01,36,1194.0,2713.0,722.0,4.0
30779,36.02.09.2019,36.02.09,36.02,36,487.0,954.0,314.0,3.0
30780,36.01.35.2002,36.01.35,36.01,36,855.0,1639.0,807.0,7.0
30781,36.01.35.2004,36.01.35,36.01,36,803.0,1711.0,1035.0,13.0
30782,36.02.01.2013,36.02.01,36.02,36,1036.0,1734.0,443.0,5.0
30783,36.02.01.2014,36.02.01,36.02,36,1530.0,2794.0,838.0,4.0
30784,36.02.01.2018,36.02.01,36.02,36,932.0,1294.0,973.0,11.0
30785,36.02.01.2023,36.02.01,36.02,36,1290.0,2056.0,781.0,5.0
30786,36.02.02.2002,36.02.02,36.02,36,740.0,1471.0,679.0,11.0
30787,36.02.02.2009,36.02.02,36.02,36,478.0,1457.0,145.0,2.0
30788,36.02.02.2011,36.02.02,36.02,36,750.0,2057.0,429.0,1.0
30789,36.02.02.2017,36.02.02,36.02,36,374.0,665.0,331.0,11.0
30790,36.02.09.2021,36.02.09,36.02,36,292.0,684.0,116.0,0.0
30791,36.02.02.2018,36.02.02,36.02,36,625.0,1125.0,523.0,7.0
30792,36.02.02.2019,36.02.02,36.02,36,452.0,1205.0,200.0,3.0
30793,36.02.03.2001,36.02.03,36.02,36,1830.0,2416.0,1569.0,16.0
30794,36.02.03.2002,36.02.03,36.02,36,1039.0,1998.0,766.0,5.0
30795,36.02.03.2011,36.02.03,36.02,36,809.0,1082.0,613.0,2.0
30796,36.02.03.2013,36.02.03,36.02,36,1233.0,2148.0,930.0,4.0
30797,36.02.03.2014,36.02.03,36.02,36,582.0,1520.0,389.0,0.0
30798,36.02.03.2017,36.02.03,36.02,36,459.0,897.0,278.0,0.0
30799,36.02.05.2006,36.02.05,36.02,36,678.0,1305.0,244.0,0.0
30800,36.02.03.2018,36.02.03,36.02,36,917.0,1613.0,762.0,4.0
30801,36.02.04.2009,36.02.04,36.02,36,926.0,1520.0,609.0,2.0
30802,36.02.04.2016,36.02.04,36.02,36,1096.0,1335.0,293.0,0.0
30803,36.02.04.2020,36.02.04,36.02,36,648.0,961.0,273.0,2.0
30804,36.02.05.2003,36.02.05,36.02,36,547.0,1174.0,233.0,0.0
30805,36.02.05.2004,36.02.05,36.02,36,998.0,1430.0,540.0,15.0
30806,36.02.05.2005,36.02.05,36.02,36,867.0,1425.0,359.0,3.0
30807,36.02.05.2007,36.02.05,36.02,36,724.0,1144.0,305.0,0.0
30808,36.02.05.2008,36.02.05,36.02,36,693.0,1451.0,205.0,0.0
30809,36.02.05.2012,36.02.05,36.02,36,816.0,1400.0,256.0,0.0
30810,36.02.05.2019,36.02.05,36.02,36,728.0,1074.0,278.0,2.0
30811,36.02.06.2004,36.02.06,36.02,36,1228.0,1965.0,479.0,0.0
30812,36.02.17.2011,36.02.17,36.02,36,723.0,1246.0,289.0,2.0
30813,36.02.06.2006,36.02.06,36.02,36,675.0,1645.0,185.0,0.0
30814,36.02.06.2007,36.02.06,36.02,36,1281.0,2102.0,939.0,0.0
30815,36.02.06.2009,36.02.06,36.02,36,510.0,755.0,218.0,0.0
30816,36.02.06.2010,36.02.06,36.02,36,1179.0,1953.0,303.0,4.0
30817,36.02.06.2011,36.02.06,36.02,36,809.0,1775.0,221.0,2.0
30818,36.02.07.2004,36.02.07,36.02,36,529.0,1003.0,438.0,10.0
30819,36.02.07.2008,36.02.07,36.02,36,306.0,916.0,186.0,0.0
30820,36.02.07.2012,36.02.07,36.02,36,541.0,1532.0,144.0,1.0
30821,36.02.07.2014,36.02.07,36.02,36,377.0,1279.0,195.0,0.0
30822,36.02.09.2020,36.02.09,36.02,36,412.0,889.0,246.0,0.0
30823,36.02.07.2017,36.02.07,36.02,36,218.0,670.0,60.0,0.0
30824,36.02.08.2001,36.02.08,36.02,36,777.0,1405.0,602.0,15.0
30825,36.02.08.2002,36.02.08,36.02,36,548.0,1101.0,264.0,1.0
30826,36.02.08.2004,36.02.08,36.02,36,689.0,1143.0,317.0,0.0
30827,36.02.08.2005,36.02.08,36.02,36,932.0,1662.0,833.0,0.0
30828,36.02.08.2009,36.02.08,36.02,36,546.0,1165.0,351.0,4.0
30829,36.02.09.2003,36.02.09,36.02,36,685.0,1116.0,511.0,8.0
30830,36.02.08.2011,36.02.08,36.02,36,947.0,1565.0,367.0,1.0
30831,36.02.08.2012,36.02.08,36.02,36,473.0,1104.0,56.0,0.0
30832,36.02.09.2001,36.02.09,36.02,36,892.0,1437.0,443.0,2.0
30833,36.02.09.2002,36.02.09,36.02,36,548.0,1074.0,322.0,0.0
30834,36.02.09.2004,36.02.09,36.02,36,542.0,1182.0,207.0,0.0
30835,36.02.09.2005,36.02.09,36.02,36,797.0,1849.0,501.0,0.0
30836,36.02.09.2006,36.02.09,36.02,36,1129.0,1890.0,582.0,4.0
30837,36.02.09.2009,36.02.09,36.02,36,691.0,1356.0,763.0,2.0
30838,36.02.09.2011,36.02.09,36.02,36,558.0,1192.0,627.0,1.0
30839,36.02.09.2013,36.02.09,36.02,36,753.0,1457.0,419.0,4.0
30840,36.02.09.2014,36.02.09,36.02,36,716.0,1467.0,446.0,0.0
30841,36.02.09.2017,36.02.09,36.02,36,770.0,1501.0,339.0,2.0
30842,36.02.10.2001,36.02.10,36.02,36,860.0,1653.0,513.0,0.0
30843,36.02.10.2003,36.02.10,36.02,36,863.0,1555.0,246.0,4.0
30844,36.02.10.2004,36.02.10,36.02,36,918.0,1949.0,512.0,3.0
30845,36.02.12.2001,36.02.12,36.02,36,964.0,1559.0,302.0,2.0
30846,36.02.10.2012,36.02.10,36.02,36,1340.0,2687.0,469.0,2.0
30847,36.02.11.2002,36.02.11,36.02,36,1053.0,2031.0,280.0,2.0
30848,36.02.11.2003,36.02.11,36.02,36,1191.0,2481.0,362.0,3.0
30849,36.02.12.2002,36.02.12,36.02,36,836.0,1056.0,579.0,2.0
30850,36.02.11.2005,36.02.11,36.02,36,1042.0,1888.0,345.0,11.0
30851,36.02.11.2009,36.02.11,36.02,36,828.0,1886.0,103.0,2.0
30852,36.02.11.2010,36.02.11,36.02,36,931.0,1695.0,224.0,1.0
30853,36.02.11.2012,36.02.11,36.02,36,993.0,1900.0,238.0,0.0
30854,36.71.07.1003,36.71.07,36.71,36,2543.0,2635.0,6145.0,79.0
30855,36.02.11.2013,36.02.11,36.02,36,659.0,1329.0,266.0,0.0
30856,36.02.11.2014,36.02.11,36.02,36,791.0,1777.0,369.0,8.0
30857,36.02.11.2015,36.02.11,36.02,36,879.0,1749.0,257.0,0.0
30858,36.02.12.2012,36.02.12,36.02,36,468.0,722.0,240.0,0.0
30859,36.02.11.2016,36.02.11,36.02,36,788.0,1624.0,201.0,0.0
30860,36.02.11.2017,36.02.11,36.02,36,743.0,1667.0,145.0,0.0
30861,36.02.12.2003,36.02.12,36.02,36,727.0,1222.0,497.0,0.0
30862,36.02.12.2005,36.02.12,36.02,36,1081.0,1739.0,718.0,10.0
30863,36.02.12.2006,36.02.12,36.02,36,858.0,1366.0,361.0,1.0
30864,36.02.12.2009,36.02.12,36.02,36,1100.0,1700.0,512.0,6.0
30865,36.02.12.2011,36.02.12,36.02,36,736.0,1127.0,393.0,2.0
30866,36.02.13.2005,36.02.13,36.02,36,861.0,1470.0,359.0,6.0
30867,36.02.13.2007,36.02.13,36.02,36,935.0,1845.0,410.0,0.0
30868,36.02.13.2008,36.02.13,36.02,36,942.0,1754.0,677.0,1.0
30869,36.02.13.2009,36.02.13,36.02,36,677.0,1390.0,211.0,5.0
30870,36.02.13.2015,36.02.13,36.02,36,1375.0,2515.0,639.0,9.0
30871,36.02.13.2016,36.02.13,36.02,36,1346.0,2108.0,656.0,8.0
30872,36.02.13.2020,36.02.13,36.02,36,922.0,1448.0,331.0,2.0
30873,36.02.13.2023,36.02.13,36.02,36,800.0,1107.0,622.0,4.0
30874,36.02.14.1002,36.02.14,36.02,36,1768.0,2313.0,1699.0,38.0
30875,36.02.14.1006,36.02.14,36.02,36,2983.0,3974.0,2315.0,19.0
30876,36.02.14.1007,36.02.14,36.02,36,2286.0,3164.0,1950.0,39.0
30877,36.02.14.1008,36.02.14,36.02,36,2475.0,3724.0,2020.0,51.0
30878,36.02.14.1012,36.02.14,36.02,36,4469.0,5930.0,5133.0,110.0
30879,36.02.14.2001,36.02.14,36.02,36,1404.0,1993.0,571.0,1.0
30880,36.02.14.2011,36.02.14,36.02,36,1020.0,1968.0,306.0,3.0
30881,36.02.14.2016,36.02.14,36.02,36,1196.0,2162.0,446.0,3.0
30882,36.02.14.2019,36.02.14,36.02,36,1197.0,1879.0,597.0,4.0
30883,36.02.15.2001,36.02.15,36.02,36,1373.0,2403.0,689.0,4.0
30884,36.02.15.2006,36.02.15,36.02,36,1541.0,2274.0,525.0,5.0
30885,36.02.18.2008,36.02.18,36.02,36,935.0,1637.0,347.0,0.0
30886,36.02.15.2010,36.02.15,36.02,36,1355.0,1759.0,895.0,22.0
30887,36.02.15.2011,36.02.15,36.02,36,894.0,1572.0,464.0,1.0
30888,36.02.18.2015,36.02.18,36.02,36,817.0,938.0,1084.0,29.0
30889,36.02.16.2006,36.02.16,36.02,36,739.0,1787.0,354.0,2.0
30890,36.02.17.2012,36.02.17,36.02,36,939.0,1837.0,267.0,1.0
30891,36.02.16.2012,36.02.16,36.02,36,435.0,1271.0,412.0,0.0
30892,36.02.16.2017,36.02.16,36.02,36,400.0,1118.0,92.0,0.0
30893,36.02.16.2015,36.02.16,36.02,36,370.0,735.0,108.0,1.0
30894,36.02.16.2018,36.02.16,36.02,36,433.0,1100.0,192.0,0.0
30895,36.02.17.2001,36.02.17,36.02,36,731.0,1386.0,280.0,0.0
30896,36.02.17.2002,36.02.17,36.02,36,1033.0,1991.0,507.0,3.0
30897,36.02.17.2006,36.02.17,36.02,36,1274.0,2357.0,1074.0,3.0
30898,36.02.17.2007,36.02.17,36.02,36,1250.0,2283.0,357.0,2.0
30899,36.02.17.2010,36.02.17,36.02,36,1414.0,2896.0,848.0,6.0
30900,36.02.18.2002,36.02.18,36.02,36,1878.0,2746.0,1335.0,27.0
30901,36.02.18.2003,36.02.18,36.02,36,696.0,1364.0,349.0,4.0
30902,36.02.18.2004,36.02.18,36.02,36,1329.0,2510.0,511.0,5.0
30903,36.02.18.2009,36.02.18,36.02,36,857.0,1405.0,261.0,0.0
30904,36.02.18.2012,36.02.18,36.02,36,420.0,647.0,246.0,2.0
30905,36.02.18.2013,36.02.18,36.02,36,1034.0,1814.0,511.0,5.0
30906,36.02.19.2001,36.02.19,36.02,36,850.0,1532.0,750.0,1.0
30907,36.02.19.2002,36.02.19,36.02,36,719.0,1710.0,404.0,6.0
30908,36.02.19.2003,36.02.19,36.02,36,434.0,886.0,283.0,4.0
30909,36.02.20.2005,36.02.20,36.02,36,1022.0,1881.0,1108.0,4.0
30910,36.02.19.2005,36.02.19,36.02,36,323.0,902.0,84.0,0.0
30911,36.02.19.2008,36.02.19,36.02,36,503.0,834.0,536.0,9.0
30912,36.02.19.2010,36.02.19,36.02,36,350.0,1212.0,288.0,2.0
30913,36.03.11.2013,36.03.11,36.03,36,2146.0,3134.0,2100.0,15.0
30914,36.02.19.2013,36.02.19,36.02,36,295.0,888.0,197.0,0.0
30915,36.02.19.2015,36.02.19,36.02,36,328.0,1022.0,78.0,0.0
30916,36.02.19.2014,36.02.19,36.02,36,382.0,1426.0,120.0,3.0
30917,36.02.20.2002,36.02.20,36.02,36,451.0,893.0,330.0,0.0
30918,36.02.20.2003,36.02.20,36.02,36,527.0,1456.0,652.0,6.0
30919,36.02.20.2004,36.02.20,36.02,36,769.0,1653.0,1020.0,5.0
30920,36.02.21.2002,36.02.21,36.02,36,1105.0,2567.0,490.0,0.0
30921,36.02.21.2003,36.02.21,36.02,36,484.0,950.0,175.0,0.0
30922,36.02.21.2006,36.02.21,36.02,36,916.0,1833.0,263.0,2.0
30923,36.02.21.2009,36.02.21,36.02,36,691.0,1817.0,140.0,0.0
30924,36.02.21.2011,36.02.21,36.02,36,532.0,1759.0,482.0,2.0
30925,36.02.22.2004,36.02.22,36.02,36,383.0,1489.0,270.0,4.0
30926,36.02.22.2006,36.02.22,36.02,36,739.0,2249.0,395.0,5.0
30927,36.03.01.2010,36.03.01,36.03,36,2203.0,2340.0,3358.0,10.0
30928,36.02.22.2009,36.02.22,36.02,36,251.0,875.0,73.0,2.0
30929,36.02.23.2002,36.02.23,36.02,36,948.0,1410.0,420.0,0.0
30930,36.02.23.2004,36.02.23,36.02,36,571.0,1056.0,168.0,2.0
30931,36.02.23.2005,36.02.23,36.02,36,925.0,1521.0,326.0,2.0
30932,36.02.23.2007,36.02.23,36.02,36,1573.0,2091.0,528.0,3.0
30933,36.02.23.2008,36.02.23,36.02,36,849.0,1654.0,389.0,0.0
30934,36.02.23.2010,36.02.23,36.02,36,560.0,1038.0,239.0,0.0
30935,36.02.24.2001,36.02.24,36.02,36,1160.0,1799.0,571.0,2.0
30936,36.02.24.2003,36.02.24,36.02,36,1313.0,1765.0,696.0,15.0
30937,36.02.24.2004,36.02.24,36.02,36,1639.0,2017.0,1034.0,23.0
30938,36.02.24.2005,36.02.24,36.02,36,1583.0,2128.0,248.0,1.0
30939,36.02.25.2001,36.02.25,36.02,36,1257.0,2140.0,788.0,5.0
30940,36.02.25.2002,36.02.25,36.02,36,647.0,1281.0,503.0,5.0
30941,36.02.27.2004,36.02.27,36.02,36,446.0,1469.0,458.0,4.0
30942,36.02.25.2004,36.02.25,36.02,36,421.0,1063.0,197.0,0.0
30943,36.02.25.2005,36.02.25,36.02,36,613.0,1492.0,638.0,4.0
30944,36.02.25.2006,36.02.25,36.02,36,594.0,1452.0,110.0,1.0
30945,36.02.26.2001,36.02.26,36.02,36,682.0,1705.0,651.0,2.0
30946,36.02.26.2002,36.02.26,36.02,36,577.0,1387.0,656.0,0.0
30947,36.02.26.2003,36.02.26,36.02,36,943.0,2005.0,456.0,6.0
30948,36.02.26.2006,36.02.26,36.02,36,308.0,1000.0,396.0,0.0
30949,36.02.26.2007,36.02.26,36.02,36,602.0,1980.0,346.0,6.0
30950,36.02.26.2008,36.02.26,36.02,36,676.0,1653.0,465.0,3.0
30951,36.02.27.2005,36.02.27,36.02,36,646.0,1348.0,382.0,4.0
30952,36.02.27.2006,36.02.27,36.02,36,771.0,1884.0,167.0,4.0
30953,36.03.01.2011,36.03.01,36.03,36,2811.0,3386.0,2572.0,8.0
30954,36.02.27.2010,36.02.27,36.02,36,330.0,941.0,128.0,0.0
30955,36.02.28.2001,36.02.28,36.02,36,792.0,1758.0,295.0,0.0
30956,36.03.01.2003,36.03.01,36.03,36,3473.0,3522.0,4473.0,24.0
30957,36.02.28.2003,36.02.28,36.02,36,315.0,978.0,93.0,4.0
30958,36.02.28.2005,36.02.28,36.02,36,572.0,1631.0,203.0,2.0
30959,36.02.28.2006,36.02.28,36.02,36,332.0,1016.0,134.0,0.0
30960,36.02.28.2007,36.02.28,36.02,36,322.0,1400.0,134.0,0.0
30961,36.02.28.2008,36.02.28,36.02,36,384.0,1014.0,55.0,0.0
30962,36.03.01.2014,36.03.01,36.03,36,5900.0,5971.0,9466.0,39.0
30963,36.03.01.2016,36.03.01,36.03,36,1403.0,1500.0,2096.0,7.0
30964,36.03.02.2001,36.03.02,36.03,36,1197.0,2372.0,786.0,1.0
30965,36.03.02.2002,36.03.02,36.03,36,1281.0,2240.0,1342.0,5.0
30966,36.03.02.2005,36.03.02,36.03,36,1886.0,2453.0,1951.0,6.0
30967,36.03.02.2006,36.03.02,36.03,36,2203.0,2882.0,2302.0,9.0
30968,36.03.02.2007,36.03.02,36.03,36,1666.0,2604.0,1130.0,9.0
30969,36.03.02.2008,36.03.02,36.03,36,2824.0,2817.0,3310.0,17.0
30970,36.03.02.2009,36.03.02,36.03,36,905.0,1462.0,1381.0,7.0
30971,36.03.03.1007,36.03.03,36.03,36,1418.0,1627.0,2361.0,12.0
30972,36.03.03.2003,36.03.03,36.03,36,2032.0,2203.0,2906.0,12.0
30973,36.03.03.2004,36.03.03,36.03,36,4399.0,4454.0,7259.0,21.0
30974,36.03.03.2012,36.03.03,36.03,36,1776.0,2732.0,2042.0,15.0
30975,36.03.03.2013,36.03.03,36.03,36,1741.0,2399.0,1931.0,6.0
30976,36.03.04.2002,36.03.04,36.03,36,1537.0,1457.0,1462.0,10.0
30977,36.03.04.2007,36.03.04,36.03,36,843.0,1056.0,746.0,1.0
30978,36.03.04.2008,36.03.04,36.03,36,1019.0,1033.0,748.0,0.0
30979,36.03.04.2009,36.03.04,36.03,36,715.0,980.0,455.0,0.0
30980,36.03.05.2001,36.03.05,36.03,36,2708.0,2962.0,1389.0,7.0
30981,36.03.05.2004,36.03.05,36.03,36,2676.0,2377.0,2537.0,17.0
30982,36.03.05.2006,36.03.05,36.03,36,1877.0,2494.0,898.0,2.0
30983,36.03.05.2007,36.03.05,36.03,36,2086.0,2030.0,1930.0,7.0
30984,36.03.05.2009,36.03.05,36.03,36,1653.0,2250.0,1139.0,4.0
30985,36.03.05.2014,36.03.05,36.03,36,1395.0,1901.0,908.0,0.0
30986,36.03.06.2003,36.03.06,36.03,36,1163.0,1793.0,2156.0,17.0
30987,36.03.06.2007,36.03.06,36.03,36,1774.0,3069.0,2234.0,16.0
30988,36.03.06.2011,36.03.06,36.03,36,1341.0,2513.0,1151.0,10.0
30989,36.03.06.2013,36.03.06,36.03,36,736.0,1826.0,748.0,1.0
30990,36.03.06.2014,36.03.06,36.03,36,1189.0,2089.0,1391.0,1.0
30991,36.03.32.2005,36.03.32,36.03,36,1080.0,1831.0,733.0,2.0
30992,36.03.07.2001,36.03.07,36.03,36,1897.0,2876.0,1980.0,22.0
30993,36.03.07.2002,36.03.07,36.03,36,1459.0,1938.0,1592.0,11.0
30994,36.03.07.2006,36.03.07,36.03,36,1139.0,1577.0,1291.0,4.0
30995,36.03.07.2007,36.03.07,36.03,36,1489.0,1864.0,1351.0,3.0
30996,36.03.33.2003,36.03.33,36.03,36,1234.0,1838.0,1237.0,4.0
30997,36.03.07.2008,36.03.07,36.03,36,1730.0,2785.0,1245.0,10.0
30998,36.03.07.2009,36.03.07,36.03,36,1333.0,1897.0,1539.0,4.0
30999,36.03.07.2010,36.03.07,36.03,36,1444.0,1897.0,1883.0,4.0
31000,36.03.07.2013,36.03.07,36.03,36,1956.0,2705.0,2136.0,5.0
31001,36.03.07.2017,36.03.07,36.03,36,1153.0,1869.0,777.0,1.0
31002,36.03.08.1002,36.03.08,36.03,36,1069.0,1604.0,1578.0,32.0
31003,36.03.08.2001,36.03.08,36.03,36,1124.0,2264.0,1347.0,3.0
31004,36.03.08.2003,36.03.08,36.03,36,1866.0,2792.0,2223.0,28.0
31005,36.03.08.2008,36.03.08,36.03,36,1657.0,3243.0,985.0,10.0
31006,36.03.09.2003,36.03.09,36.03,36,1624.0,2722.0,564.0,5.0
31007,36.03.09.2007,36.03.09,36.03,36,1023.0,1639.0,535.0,1.0
31008,36.03.10.2001,36.03.10,36.03,36,1362.0,1949.0,1053.0,5.0
31009,36.03.10.2008,36.03.10,36.03,36,2272.0,2717.0,2090.0,27.0
31010,36.03.10.2003,36.03.10,36.03,36,1441.0,1771.0,1330.0,11.0
31011,36.03.10.2004,36.03.10,36.03,36,2575.0,3422.0,2435.0,25.0
31012,36.03.10.2005,36.03.10,36.03,36,1741.0,3395.0,900.0,6.0
31013,36.03.10.2006,36.03.10,36.03,36,1971.0,2574.0,2052.0,18.0
31014,36.03.10.2007,36.03.10,36.03,36,1298.0,1755.0,1285.0,9.0
31015,36.03.11.2003,36.03.11,36.03,36,1933.0,3396.0,1391.0,4.0
31016,36.03.11.2006,36.03.11,36.03,36,1732.0,2054.0,2154.0,5.0
31017,36.03.11.2008,36.03.11,36.03,36,1429.0,2085.0,1331.0,9.0
31018,36.03.11.2011,36.03.11,36.03,36,1816.0,3313.0,1523.0,12.0
31019,36.03.11.2012,36.03.11,36.03,36,1242.0,1877.0,1028.0,9.0
31020,36.03.12.1005,36.03.12,36.03,36,6193.0,5536.0,10233.0,67.0
31021,36.03.12.1010,36.03.12,36.03,36,6845.0,7678.0,13455.0,92.0
31022,36.03.12.2001,36.03.12,36.03,36,4113.0,2892.0,8659.0,30.0
31023,36.03.14.1001,36.03.14,36.03,36,535.0,1821.0,1146.0,1.0
31024,36.03.12.2008,36.03.12,36.03,36,5602.0,3909.0,10842.0,30.0
31025,36.03.12.2011,36.03.12,36.03,36,2651.0,3772.0,2716.0,6.0
31026,36.03.12.2013,36.03.12,36.03,36,6654.0,6022.0,12703.0,83.0
31027,36.03.12.2015,36.03.12,36.03,36,2810.0,2153.0,5808.0,14.0
31028,36.03.13.2001,36.03.13,36.03,36,1991.0,4490.0,3126.0,23.0
31029,36.03.13.2002,36.03.13,36.03,36,2243.0,3931.0,2504.0,6.0
31030,36.03.13.2004,36.03.13,36.03,36,1978.0,4165.0,2219.0,7.0
31031,36.03.13.2008,36.03.13,36.03,36,604.0,1547.0,497.0,0.0
31032,36.03.13.2009,36.03.13,36.03,36,1031.0,2599.0,1260.0,1.0
31033,36.03.13.2011,36.03.13,36.03,36,1505.0,3464.0,2145.0,4.0
31034,36.03.13.2012,36.03.13,36.03,36,1241.0,2858.0,1457.0,5.0
31035,36.03.14.1010,36.03.14,36.03,36,2165.0,6642.0,5891.0,26.0
31036,36.03.14.2002,36.03.14,36.03,36,1532.0,3247.0,2724.0,4.0
31037,36.03.14.2007,36.03.14,36.03,36,1527.0,4580.0,2434.0,7.0
31038,36.03.15.1001,36.03.15,36.03,36,2475.0,4053.0,1813.0,40.0
31039,36.03.15.2005,36.03.15,36.03,36,980.0,1653.0,842.0,11.0
31040,36.03.15.2009,36.03.15,36.03,36,1403.0,2530.0,1633.0,20.0
31041,36.03.15.2010,36.03.15,36.03,36,1917.0,3594.0,1128.0,11.0
31042,36.03.22.2012,36.03.22,36.03,36,1280.0,1862.0,860.0,3.0
31043,36.03.16.2004,36.03.16,36.03,36,1271.0,2289.0,1485.0,8.0
31044,36.03.16.2011,36.03.16,36.03,36,2963.0,3388.0,4831.0,30.0
31045,36.03.17.1001,36.03.17,36.03,36,3229.0,3717.0,5853.0,27.0
31046,36.03.17.2010,36.03.17,36.03,36,2290.0,2902.0,3712.0,10.0
31047,36.03.18.1003,36.03.18,36.03,36,2093.0,2313.0,4933.0,2.0
31048,36.04.22.2014,36.04.22,36.04,36,1190.0,1219.0,402.0,0.0
31049,36.03.18.2004,36.03.18,36.03,36,2649.0,3033.0,5197.0,11.0
31050,36.03.18.2006,36.03.18,36.03,36,2472.0,2911.0,4222.0,34.0
31051,36.03.18.2007,36.03.18,36.03,36,2794.0,2763.0,5623.0,57.0
31052,36.03.18.2008,36.03.18,36.03,36,1774.0,1891.0,3483.0,8.0
31053,36.03.18.2009,36.03.18,36.03,36,2388.0,2656.0,4118.0,11.0
31054,36.03.18.2011,36.03.18,36.03,36,2768.0,3553.0,5260.0,18.0
31055,36.03.18.2012,36.03.18,36.03,36,3489.0,3648.0,7128.0,9.0
31056,36.03.20.2002,36.03.20,36.03,36,2255.0,2891.0,2272.0,20.0
31057,36.03.19.1002,36.03.19,36.03,36,4551.0,3804.0,7302.0,106.0
31058,36.03.28.1004,36.03.28,36.03,36,2883.0,3821.0,6265.0,106.0
31059,36.03.19.2001,36.03.19,36.03,36,2639.0,4305.0,1710.0,11.0
31060,36.03.19.2005,36.03.19,36.03,36,1759.0,2578.0,1848.0,11.0
31061,36.03.32.2001,36.03.32,36.03,36,1130.0,1843.0,879.0,4.0
31062,36.03.20.2003,36.03.20,36.03,36,2907.0,3154.0,4159.0,37.0
31063,36.03.20.2004,36.03.20,36.03,36,1648.0,2911.0,713.0,0.0
31064,36.03.20.2008,36.03.20,36.03,36,1548.0,2533.0,914.0,2.0
31065,36.03.20.2010,36.03.20,36.03,36,1812.0,2239.0,1786.0,2.0
31066,36.03.20.2012,36.03.20,36.03,36,1328.0,1658.0,1616.0,2.0
31067,36.03.22.2003,36.03.22,36.03,36,1970.0,2713.0,2784.0,35.0
31068,36.03.22.2005,36.03.22,36.03,36,1340.0,2396.0,1081.0,3.0
31069,36.04.23.2012,36.04.23,36.04,36,847.0,1137.0,143.0,0.0
31070,36.03.22.2008,36.03.22,36.03,36,1661.0,2828.0,1389.0,8.0
31071,36.03.22.2009,36.03.22,36.03,36,1037.0,1574.0,1564.0,10.0
31072,36.03.22.2010,36.03.22,36.03,36,1549.0,3029.0,1082.0,5.0
31073,36.03.23.1001,36.03.23,36.03,36,3145.0,4822.0,2940.0,26.0
31074,36.03.23.2006,36.03.23,36.03,36,1473.0,2034.0,1685.0,40.0
31075,36.03.23.2011,36.03.23,36.03,36,3041.0,4108.0,3716.0,56.0
31076,36.71.07.1004,36.71.07,36.71,36,2532.0,2816.0,5876.0,44.0
31077,36.03.27.2001,36.03.27,36.03,36,1541.0,2236.0,1115.0,9.0
31078,36.03.27.2002,36.03.27,36.03,36,2050.0,2741.0,1840.0,18.0
31079,36.03.27.2004,36.03.27,36.03,36,1129.0,2201.0,705.0,2.0
31080,36.03.27.2005,36.03.27,36.03,36,2891.0,3329.0,3630.0,15.0
31081,36.03.27.2006,36.03.27,36.03,36,1879.0,2167.0,2178.0,17.0
31082,36.03.32.2002,36.03.32,36.03,36,1235.0,2147.0,768.0,3.0
31083,36.03.27.2007,36.03.27,36.03,36,1931.0,2512.0,1839.0,3.0
31084,36.03.28.1002,36.03.28,36.03,36,5522.0,6733.0,15804.0,229.0
31085,36.03.32.2003,36.03.32,36.03,36,1322.0,2864.0,904.0,12.0
31086,36.03.29.2003,36.03.29,36.03,36,2927.0,3038.0,4869.0,19.0
31087,36.03.29.2005,36.03.29,36.03,36,3112.0,2890.0,4837.0,26.0
31088,36.03.29.2006,36.03.29,36.03,36,2343.0,3815.0,2552.0,9.0
31089,36.03.30.2002,36.03.30,36.03,36,5150.0,6790.0,5951.0,22.0
31090,36.03.30.2003,36.03.30,36.03,36,1730.0,2730.0,1774.0,7.0
31091,36.03.30.2005,36.03.30,36.03,36,2464.0,5049.0,2800.0,8.0
31092,36.03.30.2006,36.03.30,36.03,36,1667.0,2616.0,1952.0,12.0
31093,36.03.30.2008,36.03.30,36.03,36,1731.0,2474.0,2192.0,8.0
31094,36.03.31.2001,36.03.31,36.03,36,2465.0,3151.0,1607.0,6.0
31095,36.03.31.2003,36.03.31,36.03,36,3955.0,5906.0,4495.0,21.0
31096,36.03.31.2004,36.03.31,36.03,36,1201.0,1685.0,891.0,1.0
31097,36.03.31.2007,36.03.31,36.03,36,1704.0,2089.0,2350.0,6.0
31098,36.03.32.2007,36.03.32,36.03,36,2035.0,2727.0,1676.0,1.0
31099,36.03.32.2008,36.03.32,36.03,36,1183.0,1563.0,1057.0,4.0
31100,36.03.32.2009,36.03.32,36.03,36,1066.0,1732.0,1052.0,2.0
31101,36.03.33.2001,36.03.33,36.03,36,1109.0,1278.0,952.0,8.0
31102,36.03.33.2005,36.03.33,36.03,36,842.0,949.0,544.0,1.0
31103,36.03.33.2006,36.03.33,36.03,36,1578.0,2457.0,970.0,10.0
31104,36.03.33.2008,36.03.33,36.03,36,1209.0,1488.0,1377.0,12.0
31105,36.04.05.2002,36.04.05,36.04,36,1612.0,1682.0,901.0,7.0
31106,36.04.05.2005,36.04.05,36.04,36,3034.0,2954.0,2662.0,28.0
31107,36.04.06.2011,36.04.06,36.04,36,847.0,1248.0,219.0,0.0
31108,36.04.05.2010,36.04.05,36.04,36,1674.0,1925.0,535.0,1.0
31109,36.04.05.2012,36.04.05,36.04,36,1460.0,1471.0,733.0,12.0
31110,36.04.05.2013,36.04.05,36.04,36,2222.0,2113.0,1707.0,32.0
31111,36.04.05.2014,36.04.05,36.04,36,512.0,742.0,197.0,3.0
31112,36.04.06.2006,36.04.06,36.04,36,1879.0,2863.0,796.0,3.0
31113,36.04.06.2008,36.04.06,36.04,36,1105.0,1620.0,535.0,0.0
31114,36.04.06.2009,36.04.06,36.04,36,552.0,757.0,205.0,0.0
31115,36.04.06.2010,36.04.06,36.04,36,506.0,722.0,201.0,0.0
31116,36.04.07.2001,36.04.07,36.04,36,1505.0,1877.0,1004.0,6.0
31117,36.04.07.2003,36.04.07,36.04,36,717.0,1145.0,480.0,4.0
31118,36.04.07.2004,36.04.07,36.04,36,1535.0,2668.0,385.0,2.0
31119,36.04.07.2005,36.04.07,36.04,36,1101.0,1982.0,482.0,0.0
31120,36.04.07.2006,36.04.07,36.04,36,1431.0,1910.0,700.0,12.0
31121,36.04.09.2003,36.04.09,36.04,36,1441.0,2538.0,572.0,1.0
31122,36.04.07.2007,36.04.07,36.04,36,1744.0,2558.0,1018.0,9.0
31123,36.04.08.2001,36.04.08,36.04,36,697.0,1074.0,402.0,0.0
31124,36.04.08.2002,36.04.08,36.04,36,1176.0,1818.0,769.0,2.0
31125,36.04.08.2006,36.04.08,36.04,36,2002.0,3164.0,883.0,2.0
31126,36.04.08.2008,36.04.08,36.04,36,1073.0,1768.0,331.0,3.0
31127,36.04.09.2001,36.04.09,36.04,36,632.0,880.0,270.0,0.0
31128,36.04.09.2002,36.04.09,36.04,36,1762.0,1782.0,1479.0,10.0
31129,36.04.09.2006,36.04.09,36.04,36,673.0,896.0,264.0,3.0
31130,36.04.09.2009,36.04.09,36.04,36,1327.0,1530.0,668.0,2.0
31131,36.04.09.2010,36.04.09,36.04,36,932.0,1601.0,302.0,2.0
31132,36.04.09.2013,36.04.09,36.04,36,1052.0,1517.0,575.0,5.0
31133,36.04.09.2014,36.04.09,36.04,36,4620.0,2843.0,4057.0,24.0
31134,36.04.09.2015,36.04.09,36.04,36,1018.0,1599.0,453.0,2.0
31135,36.04.09.2016,36.04.09,36.04,36,1221.0,1143.0,955.0,3.0
31136,36.04.11.2001,36.04.11,36.04,36,2526.0,2596.0,2607.0,10.0
31137,36.04.11.2002,36.04.11,36.04,36,1401.0,2166.0,681.0,0.0
31138,36.04.11.2006,36.04.11,36.04,36,1370.0,1943.0,747.0,0.0
31139,36.04.11.2011,36.04.11,36.04,36,3162.0,2597.0,3408.0,11.0
31140,36.04.11.2013,36.04.11,36.04,36,1933.0,2322.0,1842.0,0.0
31141,36.04.12.2004,36.04.12,36.04,36,826.0,2215.0,406.0,5.0
31142,36.04.12.2006,36.04.12,36.04,36,803.0,1628.0,486.0,0.0
31143,36.04.12.2008,36.04.12,36.04,36,1074.0,2685.0,479.0,12.0
31144,36.04.14.2003,36.04.14,36.04,36,1194.0,1978.0,211.0,0.0
31145,36.04.12.2009,36.04.12,36.04,36,1017.0,2160.0,488.0,10.0
31146,36.04.14.2004,36.04.14,36.04,36,896.0,1238.0,209.0,5.0
31147,36.04.13.2001,36.04.13,36.04,36,797.0,1580.0,411.0,3.0
31148,36.04.13.2002,36.04.13,36.04,36,476.0,1489.0,116.0,3.0
31149,36.04.13.2003,36.04.13,36.04,36,562.0,1245.0,159.0,0.0
31150,36.04.13.2005,36.04.13,36.04,36,527.0,1667.0,210.0,5.0
31151,36.04.13.2008,36.04.13,36.04,36,805.0,2100.0,156.0,5.0
31152,36.04.13.2011,36.04.13,36.04,36,549.0,1541.0,92.0,0.0
31153,36.04.13.2012,36.04.13,36.04,36,542.0,1484.0,133.0,0.0
31154,36.04.13.2014,36.04.13,36.04,36,604.0,1326.0,208.0,4.0
31155,36.04.14.2002,36.04.14,36.04,36,1170.0,2217.0,171.0,4.0
31156,36.04.14.2005,36.04.14,36.04,36,1751.0,2596.0,500.0,2.0
31157,36.04.14.2006,36.04.14,36.04,36,1155.0,1559.0,159.0,2.0
31158,36.04.15.2002,36.04.15,36.04,36,1997.0,2245.0,1630.0,4.0
31159,36.04.15.2006,36.04.15,36.04,36,1600.0,2618.0,409.0,0.0
31160,36.04.15.2007,36.04.15,36.04,36,1820.0,2132.0,1593.0,0.0
31161,36.04.15.2012,36.04.15,36.04,36,1158.0,1641.0,581.0,0.0
31162,36.04.16.2002,36.04.16,36.04,36,1150.0,1647.0,346.0,0.0
31163,36.04.16.2004,36.04.16,36.04,36,1177.0,1966.0,938.0,0.0
31164,36.04.16.2005,36.04.16,36.04,36,1964.0,1865.0,2164.0,5.0
31165,36.04.16.2009,36.04.16,36.04,36,1881.0,2080.0,1577.0,3.0
31166,36.04.17.2002,36.04.17,36.04,36,1407.0,1621.0,510.0,4.0
31167,36.04.17.2003,36.04.17,36.04,36,1717.0,1907.0,524.0,4.0
31168,36.04.17.2006,36.04.17,36.04,36,1923.0,2548.0,332.0,2.0
31169,36.04.17.2007,36.04.17,36.04,36,1500.0,2152.0,355.0,1.0
31170,36.71.07.1005,36.71.07,36.71,36,2968.0,3794.0,7181.0,65.0
31171,36.04.18.2004,36.04.18,36.04,36,1613.0,2369.0,911.0,1.0
31172,36.04.18.2006,36.04.18,36.04,36,898.0,1518.0,477.0,0.0
31173,36.04.19.2001,36.04.19,36.04,36,1433.0,1989.0,698.0,3.0
31174,36.04.19.2008,36.04.19,36.04,36,968.0,1584.0,244.0,1.0
31175,36.04.19.2003,36.04.19,36.04,36,1921.0,3072.0,538.0,11.0
31176,36.04.19.2005,36.04.19,36.04,36,630.0,1252.0,134.0,0.0
31177,36.04.19.2006,36.04.19,36.04,36,1080.0,1491.0,286.0,0.0
31178,36.04.19.2007,36.04.19,36.04,36,1173.0,1724.0,400.0,0.0
31179,36.04.19.2011,36.04.19,36.04,36,625.0,962.0,165.0,1.0
31180,36.04.19.2012,36.04.19,36.04,36,1299.0,1757.0,492.0,2.0
31181,36.04.27.2007,36.04.27,36.04,36,1092.0,1329.0,676.0,5.0
31182,36.04.20.2002,36.04.20,36.04,36,1687.0,2903.0,218.0,0.0
31183,36.04.20.2007,36.04.20,36.04,36,1433.0,2226.0,240.0,3.0
31184,36.04.20.2004,36.04.20,36.04,36,1953.0,3138.0,448.0,3.0
31185,36.04.20.2005,36.04.20,36.04,36,1011.0,1827.0,170.0,1.0
31186,36.04.22.2001,36.04.22,36.04,36,1931.0,1902.0,916.0,3.0
31187,36.04.22.2002,36.04.22,36.04,36,1276.0,1462.0,220.0,0.0
31188,36.04.22.2008,36.04.22,36.04,36,1119.0,1319.0,256.0,0.0
31189,36.04.22.2009,36.04.22,36.04,36,1743.0,1650.0,1015.0,5.0
31190,36.04.22.2011,36.04.22,36.04,36,903.0,958.0,190.0,0.0
31191,36.04.22.2012,36.04.22,36.04,36,934.0,1043.0,236.0,0.0
31192,36.04.22.2013,36.04.22,36.04,36,736.0,822.0,199.0,0.0
31193,36.04.23.2001,36.04.23,36.04,36,1524.0,2281.0,645.0,3.0
31194,36.04.23.2003,36.04.23,36.04,36,810.0,1216.0,324.0,6.0
31195,36.04.23.2004,36.04.23,36.04,36,1276.0,1529.0,537.0,0.0
31196,36.04.23.2009,36.04.23,36.04,36,1505.0,2280.0,452.0,2.0
31197,36.04.23.2011,36.04.23,36.04,36,967.0,1236.0,501.0,6.0
31198,36.04.23.2013,36.04.23,36.04,36,1237.0,1509.0,546.0,7.0
31199,36.04.23.2015,36.04.23,36.04,36,1819.0,2681.0,312.0,1.0
31200,36.04.23.2017,36.04.23,36.04,36,1074.0,1433.0,311.0,0.0
31201,36.04.24.2003,36.04.24,36.04,36,1719.0,2963.0,289.0,0.0
31202,36.04.24.2005,36.04.24,36.04,36,1333.0,2271.0,240.0,0.0
31203,36.04.24.2006,36.04.24,36.04,36,1298.0,1911.0,193.0,0.0
31204,36.04.24.2007,36.04.24,36.04,36,1710.0,3092.0,286.0,2.0
31205,36.04.24.2008,36.04.24,36.04,36,1726.0,2877.0,494.0,6.0
31206,36.04.24.2010,36.04.24,36.04,36,1990.0,3027.0,450.0,4.0
31207,36.04.25.2001,36.04.25,36.04,36,757.0,1518.0,252.0,10.0
31208,36.04.25.2003,36.04.25,36.04,36,1960.0,3444.0,447.0,1.0
31209,36.04.25.2006,36.04.25,36.04,36,1682.0,2989.0,591.0,5.0
31210,36.04.25.2007,36.04.25,36.04,36,881.0,1936.0,434.0,2.0
31211,36.04.25.2008,36.04.25,36.04,36,1316.0,2369.0,374.0,7.0
31212,36.71.07.1006,36.71.07,36.71,36,2411.0,2933.0,5388.0,58.0
31213,36.04.25.2010,36.04.25,36.04,36,966.0,1887.0,364.0,6.0
31214,36.04.26.2006,36.04.26,36.04,36,2002.0,2879.0,1080.0,3.0
31215,36.04.27.2002,36.04.27,36.04,36,559.0,1236.0,105.0,0.0
31216,36.04.27.2004,36.04.27,36.04,36,891.0,1435.0,415.0,1.0
31217,36.04.27.2005,36.04.27,36.04,36,700.0,1006.0,368.0,2.0
31218,36.04.27.2006,36.04.27,36.04,36,800.0,1375.0,351.0,2.0
31219,36.71.07.1007,36.71.07,36.71,36,1723.0,2016.0,4117.0,52.0
31220,36.04.27.2008,36.04.27,36.04,36,657.0,1001.0,298.0,0.0
31221,36.04.27.2010,36.04.27,36.04,36,604.0,956.0,174.0,1.0
31222,36.04.28.2001,36.04.28,36.04,36,2223.0,2000.0,623.0,2.0
31223,36.71.07.1008,36.71.07,36.71,36,955.0,1144.0,2118.0,25.0
31224,36.04.28.2013,36.04.28,36.04,36,981.0,1138.0,353.0,4.0
31225,36.04.29.2002,36.04.29,36.04,36,1539.0,2024.0,278.0,3.0
31226,36.04.30.2011,36.04.30,36.04,36,985.0,1581.0,532.0,1.0
31227,36.04.29.2008,36.04.29,36.04,36,2377.0,2768.0,489.0,3.0
31228,36.04.29.2011,36.04.29,36.04,36,1622.0,2210.0,427.0,0.0
31229,36.04.30.2001,36.04.30,36.04,36,2103.0,2384.0,1847.0,11.0
31230,36.04.30.2003,36.04.30,36.04,36,1552.0,2199.0,821.0,2.0
31231,36.04.30.2004,36.04.30,36.04,36,815.0,1118.0,344.0,0.0
31232,36.04.30.2006,36.04.30,36.04,36,1134.0,1685.0,450.0,0.0
31233,36.04.30.2009,36.04.30,36.04,36,1817.0,1993.0,1116.0,5.0
31234,36.04.30.2010,36.04.30,36.04,36,1171.0,1512.0,391.0,0.0
31235,36.04.30.2012,36.04.30,36.04,36,922.0,1249.0,463.0,5.0
31236,36.04.31.2003,36.04.31,36.04,36,874.0,1214.0,307.0,0.0
31237,36.04.31.2004,36.04.31,36.04,36,1152.0,1402.0,640.0,0.0
31238,36.04.31.2011,36.04.31,36.04,36,2251.0,2648.0,881.0,0.0
31239,36.04.31.2013,36.04.31,36.04,36,839.0,1142.0,250.0,0.0
31240,36.04.31.2014,36.04.31,36.04,36,375.0,510.0,125.0,2.0
31241,36.04.32.2002,36.04.32,36.04,36,991.0,1461.0,203.0,0.0
31242,36.04.32.2004,36.04.32,36.04,36,1225.0,1261.0,186.0,0.0
31243,36.04.32.2005,36.04.32,36.04,36,402.0,699.0,84.0,0.0
31244,36.04.32.2007,36.04.32,36.04,36,948.0,1172.0,246.0,0.0
31245,36.04.32.2008,36.04.32,36.04,36,755.0,994.0,232.0,0.0
31246,36.04.32.2009,36.04.32,36.04,36,711.0,1014.0,277.0,0.0
31247,36.04.32.2010,36.04.32,36.04,36,683.0,849.0,428.0,0.0
31248,36.04.32.2011,36.04.32,36.04,36,1620.0,2360.0,654.0,0.0
31249,36.04.32.2013,36.04.32,36.04,36,648.0,790.0,207.0,1.0
31250,36.04.33.2001,36.04.33,36.04,36,1303.0,1507.0,399.0,3.0
31251,36.04.33.2005,36.04.33,36.04,36,954.0,1288.0,303.0,1.0
31252,36.04.34.2003,36.04.34,36.04,36,1744.0,1777.0,561.0,2.0
31253,36.04.34.2007,36.04.34,36.04,36,996.0,1375.0,167.0,0.0
31254,36.04.35.2001,36.04.35,36.04,36,888.0,1214.0,372.0,1.0
31255,36.04.35.2004,36.04.35,36.04,36,616.0,1122.0,173.0,0.0
31256,36.04.35.2005,36.04.35,36.04,36,676.0,1301.0,179.0,2.0
31257,36.04.35.2006,36.04.35,36.04,36,921.0,1358.0,287.0,3.0
31258,36.04.35.2007,36.04.35,36.04,36,1673.0,2032.0,250.0,1.0
31259,36.04.35.2009,36.04.35,36.04,36,1323.0,2101.0,387.0,2.0
31260,36.04.35.2010,36.04.35,36.04,36,1158.0,1863.0,421.0,6.0
31261,36.71.01.1001,36.71.01,36.71,36,1008.0,1564.0,2548.0,36.0
31262,36.71.01.1002,36.71.01,36.71,36,818.0,1023.0,2012.0,37.0
31263,36.71.01.1005,36.71.01,36.71,36,4401.0,5979.0,10188.0,110.0
31264,36.71.01.1006,36.71.01,36.71,36,1610.0,2067.0,3759.0,135.0
31265,36.71.01.1008,36.71.01,36.71,36,2959.0,4050.0,5748.0,72.0
31266,36.71.02.1004,36.71.02,36.71,36,3954.0,3830.0,9119.0,66.0
31267,36.71.02.1005,36.71.02,36.71,36,2484.0,2563.0,6150.0,6.0
31268,36.71.02.1006,36.71.02,36.71,36,3083.0,2592.0,9040.0,20.0
31269,36.71.03.1001,36.71.03,36.71,36,2339.0,2927.0,5377.0,58.0
31270,36.71.03.1004,36.71.03,36.71,36,1870.0,2006.0,4412.0,21.0
31271,36.71.03.1006,36.71.03,36.71,36,2850.0,3834.0,6043.0,29.0
31272,36.71.03.1007,36.71.03,36.71,36,1540.0,1802.0,3491.0,29.0
31273,36.71.04.1001,36.71.04,36.71,36,3471.0,5438.0,6276.0,31.0
31274,36.71.04.1002,36.71.04,36.71,36,2862.0,4797.0,5392.0,15.0
31275,36.71.04.1004,36.71.04,36.71,36,1124.0,1936.0,2326.0,4.0
31276,36.71.05.1003,36.71.05,36.71,36,3334.0,4775.0,8475.0,76.0
31277,36.71.05.1004,36.71.05,36.71,36,3089.0,4480.0,5992.0,47.0
31278,36.71.05.1005,36.71.05,36.71,36,2292.0,2915.0,4556.0,53.0
31279,36.71.05.1007,36.71.05,36.71,36,2096.0,3084.0,4497.0,31.0
31280,36.71.05.1009,36.71.05,36.71,36,3427.0,4391.0,6886.0,96.0
31281,36.71.06.1001,36.71.06,36.71,36,2724.0,3749.0,6354.0,40.0
31282,36.71.06.1002,36.71.06,36.71,36,2521.0,3520.0,6549.0,75.0
31283,36.71.06.1003,36.71.06,36.71,36,1641.0,2398.0,4286.0,54.0
31284,36.71.06.1004,36.71.06,36.71,36,2269.0,3392.0,5738.0,66.0
31285,36.71.07.1002,36.71.07,36.71,36,1318.0,1812.0,3157.0,17.0
31286,36.71.07.1013,36.71.07,36.71,36,1731.0,2411.0,3946.0,34.0
31287,36.71.07.1014,36.71.07,36.71,36,1251.0,2105.0,3092.0,21.0
31288,36.71.07.1016,36.71.07,36.71,36,1473.0,2066.0,2903.0,13.0
31289,36.71.08.1001,36.71.08,36.71,36,3476.0,3901.0,9264.0,72.0
31290,36.71.08.1002,36.71.08,36.71,36,4077.0,5202.0,12390.0,50.0
31291,36.71.08.1003,36.71.08,36.71,36,5451.0,6379.0,15694.0,127.0
31292,36.71.09.1003,36.71.09,36.71,36,2697.0,2986.0,7949.0,184.0
31293,36.71.09.1004,36.71.09,36.71,36,3182.0,3995.0,7354.0,134.0
31294,36.71.10.1003,36.71.10,36.71,36,3111.0,5459.0,4366.0,8.0
31295,36.71.10.1004,36.71.10,36.71,36,3194.0,5515.0,3995.0,13.0
31296,36.71.10.1006,36.71.10,36.71,36,2460.0,3645.0,3923.0,46.0
31297,36.71.11.1001,36.71.11,36.71,36,2907.0,3719.0,7243.0,115.0
31298,36.71.11.1002,36.71.11,36.71,36,2597.0,3470.0,6480.0,47.0
31299,36.71.11.1003,36.71.11,36.71,36,2371.0,3396.0,5622.0,60.0
31300,36.71.11.1005,36.71.11,36.71,36,4615.0,6707.0,11770.0,121.0
31301,36.71.11.1006,36.71.11,36.71,36,1315.0,2411.0,2672.0,5.0
31302,36.71.11.1007,36.71.11,36.71,36,2253.0,3204.0,4584.0,103.0
31303,36.71.11.1010,36.71.11,36.71,36,3677.0,4875.0,7699.0,85.0
31304,36.71.12.1006,36.71.12,36.71,36,2490.0,3706.0,7249.0,92.0
31305,36.71.12.1005,36.71.12,36.71,36,2284.0,3612.0,6059.0,66.0
31306,36.71.13.1001,36.71.13,36.71,36,3356.0,4634.0,9040.0,64.0
31307,36.71.13.1002,36.71.13,36.71,36,2285.0,3761.0,6757.0,68.0
31308,36.71.13.1003,36.71.13,36.71,36,2621.0,4073.0,7230.0,43.0
31309,36.71.13.1004,36.71.13,36.71,36,2103.0,3108.0,5692.0,37.0
31310,36.71.13.1008,36.71.13,36.71,36,2259.0,3328.0,6377.0,40.0
31311,36.72.01.1001,36.72.01,36.72,36,3376.0,4591.0,5424.0,146.0
31312,36.72.01.1004,36.72.01,36.72,36,805.0,1418.0,419.0,3.0
31313,36.72.01.1005,36.72.01,36.72,36,2033.0,3603.0,1343.0,13.0
31314,36.72.02.1001,36.72.02,36.72,36,839.0,1428.0,1160.0,2.0
31315,36.72.02.1002,36.72.02,36.72,36,1928.0,3177.0,2596.0,62.0
31316,36.72.02.1003,36.72.02,36.72,36,1883.0,2947.0,2041.0,62.0
31317,36.72.03.1001,36.72.03,36.72,36,4239.0,5348.0,2944.0,21.0
31318,36.72.03.1002,36.72.03,36.72,36,3347.0,4496.0,2590.0,20.0
31319,36.72.04.1002,36.72.04,36.72,36,2449.0,3493.0,2134.0,15.0
31320,36.72.04.1005,36.72.04,36.72,36,1638.0,3206.0,987.0,5.0
31321,36.72.04.1006,36.72.04,36.72,36,2023.0,3297.0,1118.0,1.0
31322,36.72.05.1002,36.72.05,36.72,36,4612.0,5622.0,5662.0,83.0
31323,36.72.06.1001,36.72.06,36.72,36,1669.0,2085.0,2211.0,60.0
31324,36.72.06.1003,36.72.06,36.72,36,3105.0,4443.0,3979.0,26.0
31325,36.72.07.1005,36.72.07,36.72,36,1091.0,1737.0,948.0,1.0
31326,36.72.07.1001,36.72.07,36.72,36,503.0,585.0,738.0,11.0
31327,36.72.07.1003,36.72.07,36.72,36,2651.0,4294.0,3368.0,57.0
31328,36.72.07.1004,36.72.07,36.72,36,1348.0,2163.0,1301.0,16.0
31329,36.72.07.1006,36.72.07,36.72,36,799.0,1398.0,653.0,5.0
31330,36.72.08.1005,36.72.08,36.72,36,2645.0,3632.0,2703.0,29.0
31331,36.72.08.1006,36.72.08,36.72,36,2193.0,3319.0,1660.0,20.0
31332,36.72.08.1007,36.72.08,36.72,36,3513.0,4682.0,4184.0,46.0
31333,36.73.01.1003,36.73.01,36.73,36,5239.0,4753.0,5848.0,105.0
31334,36.73.01.1005,36.73.01,36.73,36,4504.0,4234.0,3852.0,22.0
31335,36.73.01.1006,36.73.01,36.73,36,6884.0,6456.0,5612.0,33.0
31336,36.73.01.1008,36.73.01,36.73,36,1771.0,1858.0,488.0,0.0
31337,36.73.01.1012,36.73.01,36.73,36,4105.0,3905.0,3197.0,32.0
31338,36.73.02.1003,36.73.02,36.73,36,2904.0,2931.0,1029.0,0.0
31339,36.73.02.1004,36.73.02,36.73,36,3572.0,3036.0,1039.0,2.0
31340,36.73.02.1006,36.73.02,36.73,36,2252.0,2600.0,692.0,1.0
31341,36.73.02.1009,36.73.02,36.73,36,2888.0,3063.0,563.0,4.0
31342,36.73.03.1001,36.73.03,36.73,36,978.0,1019.0,949.0,3.0
31343,36.73.03.1008,36.73.03,36.73,36,1943.0,1657.0,1836.0,23.0
31344,36.73.03.1009,36.73.03,36.73,36,1620.0,1285.0,1471.0,8.0
31345,36.73.03.1010,36.73.03,36.73,36,3452.0,2844.0,2987.0,53.0
31346,36.73.03.1012,36.73.03,36.73,36,1225.0,1609.0,685.0,5.0
31347,36.73.03.1014,36.73.03,36.73,36,3619.0,2441.0,3430.0,7.0
31348,36.73.04.1001,36.73.04,36.73,36,1106.0,1375.0,777.0,1.0
31349,36.73.04.1002,36.73.04,36.73,36,1525.0,2024.0,1015.0,6.0
31350,36.73.04.1003,36.73.04,36.73,36,2050.0,2901.0,989.0,6.0
31351,36.73.04.1005,36.73.04,36.73,36,2333.0,2653.0,1335.0,19.0
31352,36.73.04.1006,36.73.04,36.73,36,1322.0,1630.0,926.0,0.0
31353,36.73.04.1009,36.73.04,36.73,36,1231.0,1728.0,847.0,2.0
31354,36.73.04.1010,36.73.04,36.73,36,1352.0,1585.0,530.0,0.0
31355,36.73.05.1007,36.73.05,36.73,36,2503.0,1407.0,1956.0,47.0
31356,36.73.05.1003,36.73.05,36.73,36,3889.0,3308.0,2709.0,20.0
31357,36.73.05.1004,36.73.05,36.73,36,4598.0,3254.0,3129.0,48.0
31358,36.73.05.1006,36.73.05,36.73,36,2441.0,2270.0,1090.0,21.0
31359,36.73.05.1008,36.73.05,36.73,36,2649.0,2635.0,925.0,7.0
31360,36.73.06.1001,36.73.06,36.73,36,2631.0,2549.0,1204.0,0.0
31361,36.73.06.1002,36.73.06,36.73,36,2127.0,2220.0,706.0,1.0
31362,36.73.06.1003,36.73.06,36.73,36,1561.0,1820.0,597.0,2.0
31363,36.73.06.1005,36.73.06,36.73,36,1429.0,1132.0,611.0,0.0
31364,36.73.06.1007,36.73.06,36.73,36,2069.0,2035.0,1534.0,23.0
31365,36.73.06.1008,36.73.06,36.73,36,5027.0,4539.0,4673.0,46.0
31366,36.73.06.1009,36.73.06,36.73,36,1410.0,1535.0,853.0,4.0
31367,36.74.04.1004,36.74.04,36.74,36,4766.0,5834.0,10800.0,164.0
31368,36.73.06.1010,36.73.06,36.73,36,2961.0,2468.0,2225.0,25.0
31369,36.73.06.1012,36.73.06,36.73,36,2165.0,1798.0,1911.0,43.0
31370,36.74.01.1004,36.74.01,36.74,36,1748.0,2596.0,3491.0,116.0
31371,36.74.01.1005,36.74.01,36.74,36,1376.0,1993.0,2866.0,71.0
31372,36.74.01.1009,36.74.01,36.74,36,3391.0,4600.0,6071.0,54.0
31373,36.74.02.1001,36.74.02,36.74,36,2393.0,2414.0,5134.0,65.0
31374,36.74.02.1003,36.74.02,36.74,36,4119.0,4696.0,9025.0,110.0
31375,36.74.03.1002,36.74.03,36.74,36,4022.0,5092.0,8683.0,248.0
31376,36.74.03.1004,36.74.03,36.74,36,1772.0,2249.0,3351.0,56.0
31377,36.74.03.1005,36.74.03,36.74,36,4748.0,5269.0,10110.0,150.0
31378,36.74.03.1006,36.74.03,36.74,36,3697.0,4514.0,6915.0,76.0
31379,36.74.03.1007,36.74.03,36.74,36,5276.0,6915.0,12026.0,162.0
31380,36.74.03.1009,36.74.03,36.74,36,1997.0,3082.0,3428.0,42.0
31381,36.74.03.1010,36.74.03,36.74,36,5528.0,6950.0,12386.0,208.0
31382,36.74.04.1001,36.74.04,36.74,36,4157.0,5295.0,9035.0,133.0
31383,36.74.04.1002,36.74.04,36.74,36,5999.0,6619.0,13791.0,210.0
31384,36.74.04.1007,36.74.04,36.74,36,4054.0,5010.0,8810.0,88.0
31385,36.74.05.1001,36.74.05,36.74,36,4210.0,4945.0,9808.0,203.0
31386,36.74.05.1002,36.74.05,36.74,36,4739.0,5585.0,10090.0,196.0
31387,36.74.05.1006,36.74.05,36.74,36,3824.0,4997.0,9066.0,173.0
31388,36.74.06.1004,36.74.06,36.74,36,3247.0,4260.0,7335.0,141.0
31389,36.74.06.1005,36.74.06,36.74,36,5891.0,7536.0,12483.0,123.0
31390,36.74.06.1006,36.74.06,36.74,36,8013.0,10331.0,18148.0,243.0
31391,36.74.06.1007,36.74.06,36.74,36,4308.0,4996.0,8607.0,110.0
31392,36.74.06.1008,36.74.06,36.74,36,4465.0,5528.0,11265.0,238.0
31393,36.74.07.1003,36.74.07,36.74,36,1401.0,2358.0,1711.0,6.0
31394,36.74.07.1004,36.74.07,36.74,36,3836.0,4266.0,6985.0,98.0
