,KODE_KEL_DESA,KODE_KECAMATAN,KODE_KAB_KOTA,KODE_PROVINSI,POPULASI,JUMLAH_KK
29844,36.73.03.1016,36.73.03,36.73,36,3452.0,1115.0
29845,36.04.11.2004,36.04.11,36.04,36,4290.0,1403.0
29846,36.01.09.2007,36.01.09,36.01,36,3584.0,1221.0
29847,36.01.09.2008,36.01.09,36.01,36,2164.0,727.0
29848,36.01.22.2004,36.01.22,36.01,36,1665.0,472.0
29849,36.01.01.2005,36.01.01,36.01,36,2290.0,837.0
29850,36.01.12.2003,36.01.12,36.01,36,2368.0,818.0
29851,36.01.01.2002,36.01.01,36.01,36,4249.0,1460.0
29852,36.01.01.2003,36.01.01,36.01,36,3284.0,1209.0
29853,36.01.01.2007,36.01.01,36.01,36,4014.0,1430.0
29854,36.01.02.2001,36.01.02,36.01,36,3390.0,1320.0
29855,36.01.02.2003,36.01.02,36.01,36,1450.0,580.0
29856,36.01.02.2004,36.01.02,36.01,36,3249.0,1262.0
29857,36.01.02.2005,36.01.02,36.01,36,3676.0,1362.0
29858,36.01.02.2006,36.01.02,36.01,36,5004.0,1805.0
29859,36.01.02.2007,36.01.02,36.01,36,2809.0,1009.0
29860,36.01.02.2010,36.01.02,36.01,36,3309.0,1192.0
29861,36.01.03.2007,36.01.03,36.01,36,1645.0,519.0
29862,36.01.10.2007,36.01.10,36.01,36,3343.0,1164.0
29863,36.01.03.2008,36.01.03,36.01,36,2887.0,1043.0
29864,36.01.03.2009,36.01.03,36.01,36,6450.0,2133.0
29865,36.01.03.2011,36.01.03,36.01,36,2492.0,986.0
29866,36.01.04.2002,36.01.04,36.01,36,4242.0,1709.0
29867,36.01.04.2004,36.01.04,36.01,36,2624.0,1040.0
29868,36.01.32.2006,36.01.32,36.01,36,2162.0,708.0
29869,36.01.04.2007,36.01.04,36.01,36,4869.0,1811.0
29870,36.01.04.2008,36.01.04,36.01,36,2368.0,894.0
29871,36.01.10.2008,36.01.10,36.01,36,3968.0,1413.0
29872,36.01.04.2010,36.01.04,36.01,36,1229.0,443.0
29873,36.01.04.2011,36.01.04,36.01,36,3131.0,1162.0
29874,36.01.04.2012,36.01.04,36.01,36,3134.0,1069.0
29875,36.01.12.2010,36.01.12,36.01,36,10699.0,3402.0
29876,36.01.05.2003,36.01.05,36.01,36,4291.0,1636.0
29877,36.01.05.2004,36.01.05,36.01,36,4605.0,1622.0
29878,36.01.12.2014,36.01.12,36.01,36,3076.0,957.0
29879,36.01.05.2007,36.01.05,36.01,36,4163.0,1434.0
29880,36.01.05.2009,36.01.05,36.01,36,3069.0,1060.0
29881,36.01.07.2004,36.01.07,36.01,36,3111.0,1243.0
29882,36.01.06.2001,36.01.06,36.01,36,15123.0,5166.0
29883,36.01.13.2010,36.01.13,36.01,36,3553.0,1161.0
29884,36.01.06.2011,36.01.06,36.01,36,7623.0,2660.0
29885,36.01.07.2006,36.01.07,36.01,36,3179.0,1150.0
29886,36.01.06.2012,36.01.06,36.01,36,6241.0,2354.0
29887,36.01.07.2007,36.01.07,36.01,36,1683.0,623.0
29888,36.01.07.2009,36.01.07,36.01,36,4139.0,1534.0
29889,36.01.07.2010,36.01.07,36.01,36,2363.0,843.0
29890,36.01.08.2001,36.01.08,36.01,36,2323.0,845.0
29891,36.01.08.2005,36.01.08,36.01,36,3348.0,1191.0
29892,36.01.08.2018,36.01.08,36.01,36,2277.0,827.0
29893,36.01.09.2001,36.01.09,36.01,36,2498.0,852.0
29894,36.01.09.2002,36.01.09,36.01,36,3603.0,1311.0
29895,36.01.09.2003,36.01.09,36.01,36,1915.0,715.0
29896,36.01.09.2012,36.01.09,36.01,36,2515.0,822.0
29897,36.01.10.2001,36.01.10,36.01,36,5005.0,1728.0
29898,36.01.10.2003,36.01.10,36.01,36,3162.0,1113.0
29899,36.01.10.2004,36.01.10,36.01,36,7853.0,2723.0
29900,36.01.11.2007,36.01.11,36.01,36,2250.0,788.0
29901,36.01.11.2003,36.01.11,36.01,36,3881.0,1301.0
29902,36.01.11.2005,36.01.11,36.01,36,4215.0,1474.0
29903,36.01.11.2006,36.01.11,36.01,36,2879.0,970.0
29904,36.01.11.2009,36.01.11,36.01,36,2302.0,790.0
29905,36.01.12.2001,36.01.12,36.01,36,2699.0,904.0
29906,36.01.12.2015,36.01.12,36.01,36,1704.0,610.0
29907,36.01.13.2001,36.01.13,36.01,36,3000.0,999.0
29908,36.01.13.2002,36.01.13,36.01,36,2678.0,892.0
29909,36.01.13.2003,36.01.13,36.01,36,2243.0,707.0
29910,36.01.13.2004,36.01.13,36.01,36,2625.0,873.0
29911,36.01.13.2015,36.01.13,36.01,36,1627.0,527.0
29912,36.01.13.2016,36.01.13,36.01,36,1496.0,516.0
29913,36.01.14.2001,36.01.14,36.01,36,2489.0,815.0
29914,36.01.14.2003,36.01.14,36.01,36,3699.0,1232.0
29915,36.01.14.2004,36.01.14,36.01,36,3901.0,1281.0
29916,36.01.14.2005,36.01.14,36.01,36,2354.0,819.0
29917,36.01.14.2006,36.01.14,36.01,36,2690.0,884.0
29918,36.01.14.2007,36.01.14,36.01,36,5186.0,1706.0
29919,36.01.15.2004,36.01.15,36.01,36,2237.0,782.0
29920,36.01.14.2010,36.01.14,36.01,36,2886.0,919.0
29921,36.01.15.2005,36.01.15,36.01,36,2139.0,708.0
29922,36.01.14.2014,36.01.14,36.01,36,2977.0,967.0
29923,36.01.15.2003,36.01.15,36.01,36,2806.0,910.0
29924,36.01.15.2007,36.01.15,36.01,36,4134.0,1428.0
29925,36.01.15.2009,36.01.15,36.01,36,4195.0,1485.0
29926,36.01.15.2010,36.01.15,36.01,36,2356.0,795.0
29927,36.01.16.2002,36.01.16,36.01,36,4975.0,1682.0
29928,36.01.16.2003,36.01.16,36.01,36,2390.0,841.0
29929,36.01.16.2004,36.01.16,36.01,36,1700.0,592.0
29930,36.01.16.2011,36.01.16,36.01,36,2810.0,952.0
29931,36.01.16.2014,36.01.16,36.01,36,2117.0,709.0
29932,36.01.16.2015,36.01.16,36.01,36,1243.0,472.0
29933,36.01.17.2001,36.01.17,36.01,36,4199.0,1299.0
29934,36.01.17.2004,36.01.17,36.01,36,2503.0,830.0
29935,36.01.17.2005,36.01.17,36.01,36,3638.0,1128.0
29936,36.01.17.2006,36.01.17,36.01,36,4166.0,1437.0
29937,36.01.17.2012,36.01.17,36.01,36,3559.0,1170.0
29938,36.01.17.2008,36.01.17,36.01,36,3621.0,1241.0
29939,36.01.17.2010,36.01.17,36.01,36,3361.0,1093.0
29940,36.01.17.2014,36.01.17,36.01,36,2515.0,813.0
29941,36.01.17.2015,36.01.17,36.01,36,3613.0,1110.0
29942,36.01.18.2001,36.01.18,36.01,36,5424.0,1746.0
29943,36.01.18.2003,36.01.18,36.01,36,5257.0,1753.0
29944,36.01.18.2004,36.01.18,36.01,36,3068.0,939.0
29945,36.01.18.2007,36.01.18,36.01,36,4281.0,1348.0
29946,36.01.18.2008,36.01.18,36.01,36,3405.0,1147.0
29947,36.01.18.2010,36.01.18,36.01,36,2747.0,893.0
29948,36.01.18.2013,36.01.18,36.01,36,2289.0,753.0
29949,36.01.19.2001,36.01.19,36.01,36,3434.0,1042.0
29950,36.01.19.2004,36.01.19,36.01,36,6143.0,1979.0
29951,36.01.19.2008,36.01.19,36.01,36,2467.0,790.0
29952,36.01.20.2002,36.01.20,36.01,36,4478.0,1507.0
29953,36.01.20.2004,36.01.20,36.01,36,4260.0,1353.0
29954,36.01.20.2006,36.01.20,36.01,36,2031.0,657.0
29955,36.01.20.2007,36.01.20,36.01,36,5155.0,1609.0
29956,36.01.20.2011,36.01.20,36.01,36,3211.0,987.0
29957,36.01.20.2012,36.01.20,36.01,36,2265.0,767.0
29958,36.01.20.2013,36.01.20,36.01,36,2516.0,852.0
29959,36.04.12.2002,36.04.12,36.04,36,2435.0,843.0
29960,36.01.20.2014,36.01.20,36.01,36,1781.0,573.0
29961,36.01.21.1002,36.01.21,36.01,36,6426.0,2150.0
29962,36.01.21.1009,36.01.21,36.01,36,20614.0,6735.0
29963,36.01.22.2001,36.01.22,36.01,36,2466.0,797.0
29964,36.01.22.2002,36.01.22,36.01,36,1877.0,566.0
29965,36.01.22.2006,36.01.22,36.01,36,3817.0,1254.0
29966,36.01.22.2007,36.01.22,36.01,36,7802.0,2462.0
29967,36.01.22.2009,36.01.22,36.01,36,3378.0,1028.0
29968,36.01.22.2010,36.01.22,36.01,36,2333.0,728.0
29969,36.01.22.2013,36.01.22,36.01,36,3138.0,902.0
29970,36.01.23.2001,36.01.23,36.01,36,1852.0,642.0
29971,36.01.23.2002,36.01.23,36.01,36,5014.0,1679.0
29972,36.01.23.2004,36.01.23,36.01,36,3581.0,1386.0
29973,36.01.24.2020,36.01.24,36.01,36,2099.0,723.0
29974,36.01.23.2007,36.01.23,36.01,36,2732.0,963.0
29975,36.01.23.2009,36.01.23,36.01,36,1800.0,584.0
29976,36.01.24.2006,36.01.24,36.01,36,2537.0,929.0
29977,36.01.24.2008,36.01.24,36.01,36,3719.0,1274.0
29978,36.01.24.2009,36.01.24,36.01,36,2813.0,989.0
29979,36.01.24.2010,36.01.24,36.01,36,3424.0,1281.0
29980,36.01.27.2010,36.01.27,36.01,36,1394.0,470.0
29981,36.01.24.2011,36.01.24,36.01,36,1777.0,651.0
29982,36.01.25.1002,36.01.25,36.01,36,12767.0,3967.0
29983,36.01.26.2001,36.01.26,36.01,36,4315.0,1496.0
29984,36.01.26.2004,36.01.26,36.01,36,2885.0,1003.0
29985,36.01.26.2006,36.01.26,36.01,36,3083.0,1069.0
29986,36.01.26.2008,36.01.26,36.01,36,2292.0,824.0
29987,36.01.26.2009,36.01.26,36.01,36,2915.0,1010.0
29988,36.01.26.2010,36.01.26,36.01,36,2298.0,830.0
29989,36.01.28.2002,36.01.28,36.01,36,3616.0,1320.0
29990,36.01.27.2001,36.01.27,36.01,36,1345.0,463.0
29991,36.01.27.2002,36.01.27,36.01,36,2685.0,955.0
29992,36.01.27.2003,36.01.27,36.01,36,1873.0,671.0
29993,36.01.28.2006,36.01.28,36.01,36,3894.0,1389.0
29994,36.01.27.2005,36.01.27,36.01,36,2039.0,704.0
29995,36.01.27.2006,36.01.27,36.01,36,2502.0,959.0
29996,36.01.27.2007,36.01.27,36.01,36,1803.0,705.0
29997,36.01.28.2003,36.01.28,36.01,36,5097.0,1892.0
29998,36.01.28.2004,36.01.28,36.01,36,4031.0,1560.0
29999,36.01.28.2005,36.01.28,36.01,36,1874.0,764.0
30000,36.01.28.2007,36.01.28,36.01,36,3526.0,1241.0
30001,36.01.28.2010,36.01.28,36.01,36,2960.0,1132.0
30002,36.01.29.2002,36.01.29,36.01,36,2701.0,949.0
30003,36.01.32.2009,36.01.32,36.01,36,3157.0,990.0
30004,36.01.29.2003,36.01.29,36.01,36,2351.0,810.0
30005,36.01.29.2004,36.01.29,36.01,36,3319.0,1187.0
30006,36.01.29.2005,36.01.29,36.01,36,4408.0,1561.0
30007,36.01.29.2006,36.01.29,36.01,36,3448.0,1172.0
30008,36.01.29.2007,36.01.29,36.01,36,6618.0,2225.0
30009,36.01.29.2008,36.01.29,36.01,36,5227.0,1860.0
30010,36.01.29.2009,36.01.29,36.01,36,2071.0,718.0
30011,36.01.30.2001,36.01.30,36.01,36,3867.0,1286.0
30012,36.01.30.2002,36.01.30,36.01,36,3530.0,1140.0
30013,36.01.30.2003,36.01.30,36.01,36,3293.0,1045.0
30014,36.01.30.2004,36.01.30,36.01,36,1957.0,637.0
30015,36.01.30.2006,36.01.30,36.01,36,3282.0,1048.0
30016,36.01.31.2001,36.01.31,36.01,36,3231.0,1152.0
30017,36.01.31.2002,36.01.31,36.01,36,3159.0,1144.0
30018,36.01.31.2004,36.01.31,36.01,36,1691.0,619.0
30019,36.01.32.2008,36.01.32,36.01,36,2392.0,792.0
30020,36.01.31.2006,36.01.31,36.01,36,2568.0,941.0
30021,36.01.32.2005,36.01.32,36.01,36,3924.0,1242.0
30022,36.01.31.2009,36.01.31,36.01,36,2364.0,832.0
30023,36.01.32.2001,36.01.32,36.01,36,4371.0,1408.0
30024,36.01.32.2002,36.01.32,36.01,36,3701.0,1242.0
30025,36.01.32.2003,36.01.32,36.01,36,4489.0,1473.0
30026,36.01.33.2002,36.01.33,36.01,36,1274.0,395.0
30027,36.01.33.2004,36.01.33,36.01,36,1744.0,529.0
30028,36.01.33.2005,36.01.33,36.01,36,2525.0,746.0
30029,36.01.33.2007,36.01.33,36.01,36,1390.0,423.0
30030,36.01.33.2008,36.01.33,36.01,36,2090.0,673.0
30031,36.01.33.2009,36.01.33,36.01,36,2580.0,754.0
30032,36.01.34.1002,36.01.34,36.01,36,8498.0,2781.0
30033,36.04.22.2006,36.04.22,36.04,36,2596.0,799.0
30034,36.01.34.1003,36.01.34,36.01,36,13352.0,4034.0
30035,36.01.34.1004,36.01.34,36.01,36,9529.0,2624.0
30036,36.01.34.1005,36.01.34,36.01,36,7504.0,2261.0
30037,36.01.35.2003,36.01.35,36.01,36,3058.0,1191.0
30038,36.01.35.2005,36.01.35,36.01,36,4168.0,1662.0
30039,36.01.35.2006,36.01.35,36.01,36,5168.0,1792.0
30040,36.01.35.2007,36.01.35,36.01,36,6239.0,2281.0
30041,36.01.35.2008,36.01.35,36.01,36,3273.0,1280.0
30042,36.02.01.2002,36.02.01,36.02,36,3846.0,1247.0
30043,36.02.01.2003,36.02.01,36.02,36,5545.0,1864.0
30044,36.02.01.2004,36.02.01,36.02,36,7850.0,2529.0
30045,36.02.01.2005,36.02.01,36.02,36,5974.0,2021.0
30046,36.02.01.2006,36.02.01,36.02,36,4874.0,1622.0
30047,36.02.01.2009,36.02.01,36.02,36,3581.0,1183.0
30048,36.02.01.2016,36.02.01,36.02,36,2476.0,858.0
30049,36.02.01.2019,36.02.01,36.02,36,5851.0,1953.0
30050,36.02.01.2024,36.02.01,36.02,36,2072.0,704.0
30051,36.02.01.2026,36.02.01,36.02,36,2992.0,998.0
30052,36.02.02.2010,36.02.02,36.02,36,4439.0,1527.0
30053,36.02.02.2003,36.02.02,36.02,36,2896.0,1136.0
30054,36.02.02.2004,36.02.02,36.02,36,2531.0,965.0
30055,36.02.02.2005,36.02.02,36.02,36,3930.0,1369.0
30056,36.71.03.1005,36.71.03,36.71,36,12120.0,4076.0
30057,36.02.02.2014,36.02.02,36.02,36,4154.0,1453.0
30058,36.02.03.2007,36.02.03,36.02,36,3365.0,1140.0
30059,36.02.03.2006,36.02.03,36.02,36,3856.0,1318.0
30060,36.02.04.2005,36.02.04,36.02,36,3468.0,1148.0
30061,36.02.03.2008,36.02.03,36.02,36,3415.0,1167.0
30062,36.02.04.2006,36.02.04,36.02,36,1793.0,640.0
30063,36.02.04.2007,36.02.04,36.02,36,4900.0,1582.0
30064,36.02.03.2016,36.02.03,36.02,36,2308.0,780.0
30065,36.02.04.2002,36.02.04,36.02,36,4192.0,1397.0
30066,36.02.04.2003,36.02.04,36.02,36,3541.0,1222.0
30067,36.02.04.2004,36.02.04,36.02,36,2239.0,723.0
30068,36.02.04.2008,36.02.04,36.02,36,4499.0,1482.0
30069,36.02.04.2010,36.02.04,36.02,36,4758.0,1595.0
30070,36.02.04.2013,36.02.04,36.02,36,3133.0,1043.0
30071,36.02.04.2014,36.02.04,36.02,36,3830.0,1287.0
30072,36.02.04.2015,36.02.04,36.02,36,2289.0,750.0
30073,36.02.05.2013,36.02.05,36.02,36,2545.0,861.0
30074,36.02.11.2006,36.02.11,36.02,36,4556.0,1413.0
30075,36.02.05.2018,36.02.05,36.02,36,2410.0,894.0
30076,36.02.05.2020,36.02.05,36.02,36,3169.0,988.0
30077,36.02.05.2021,36.02.05,36.02,36,1951.0,624.0
30078,36.02.06.2001,36.02.06,36.02,36,5567.0,2730.0
30079,36.02.06.2002,36.02.06,36.02,36,5547.0,1679.0
30080,36.02.17.2005,36.02.17,36.02,36,4449.0,1386.0
30081,36.02.06.2003,36.02.06,36.02,36,4828.0,1694.0
30082,36.02.06.2005,36.02.06,36.02,36,3252.0,1112.0
30083,36.02.06.2008,36.02.06,36.02,36,4038.0,1341.0
30084,36.02.06.2012,36.02.06,36.02,36,3998.0,1239.0
30085,36.02.07.2010,36.02.07,36.02,36,4382.0,1533.0
30086,36.02.07.2007,36.02.07,36.02,36,3209.0,1119.0
30087,36.02.07.2009,36.02.07,36.02,36,3005.0,991.0
30088,36.02.07.2016,36.02.07,36.02,36,1563.0,542.0
30089,36.02.08.2003,36.02.08,36.02,36,2237.0,742.0
30090,36.02.08.2006,36.02.08,36.02,36,2979.0,1044.0
30091,36.02.08.2007,36.02.08,36.02,36,3569.0,1091.0
30092,36.02.08.2008,36.02.08,36.02,36,2792.0,908.0
30093,36.02.08.2010,36.02.08,36.02,36,2194.0,697.0
30094,36.02.09.2007,36.02.09,36.02,36,2320.0,779.0
30095,36.02.09.2018,36.02.09,36.02,36,3139.0,1049.0
30096,36.02.09.2010,36.02.09,36.02,36,2357.0,797.0
30097,36.02.09.2012,36.02.09,36.02,36,4389.0,1431.0
30098,36.02.09.2015,36.02.09,36.02,36,3271.0,1107.0
30099,36.02.09.2016,36.02.09,36.02,36,3659.0,1234.0
30100,36.02.10.2002,36.02.10,36.02,36,3737.0,1244.0
30101,36.02.10.2005,36.02.10,36.02,36,5444.0,1842.0
30102,36.02.10.2006,36.02.10,36.02,36,4852.0,1584.0
30103,36.02.10.2007,36.02.10,36.02,36,5172.0,1656.0
30104,36.02.10.2008,36.02.10,36.02,36,3971.0,1347.0
30105,36.02.10.2009,36.02.10,36.02,36,4041.0,1261.0
30106,36.71.04.1005,36.71.04,36.71,36,19945.0,6595.0
30107,36.02.10.2010,36.02.10,36.02,36,2892.0,995.0
30108,36.02.10.2011,36.02.10,36.02,36,3477.0,1176.0
30109,36.02.11.2001,36.02.11,36.02,36,3002.0,1013.0
30110,36.02.11.2004,36.02.11,36.02,36,3540.0,1020.0
30111,36.02.11.2007,36.02.11,36.02,36,6326.0,1962.0
30112,36.02.11.2008,36.02.11,36.02,36,4630.0,1559.0
30113,36.02.11.2011,36.02.11,36.02,36,3800.0,1195.0
30114,36.02.12.2004,36.02.12,36.02,36,2881.0,966.0
30115,36.02.12.2007,36.02.12,36.02,36,3520.0,1273.0
30116,36.02.12.2008,36.02.12,36.02,36,3765.0,1204.0
30117,36.02.12.2013,36.02.12,36.02,36,3869.0,1337.0
30118,36.02.12.2010,36.02.12,36.02,36,2629.0,882.0
30119,36.02.13.2012,36.02.13,36.02,36,4922.0,1513.0
30120,36.02.12.2014,36.02.12,36.02,36,2707.0,853.0
30121,36.02.12.2015,36.02.12,36.02,36,5088.0,1563.0
30122,36.02.13.2006,36.02.13,36.02,36,5669.0,1844.0
30123,36.02.15.2012,36.02.15,36.02,36,2872.0,914.0
30124,36.02.13.2011,36.02.13,36.02,36,2717.0,840.0
30125,36.02.13.2018,36.02.13,36.02,36,3391.0,1035.0
30126,36.02.13.2021,36.02.13,36.02,36,3093.0,998.0
30127,36.02.13.2022,36.02.13,36.02,36,2593.0,811.0
30128,36.02.14.2009,36.02.14,36.02,36,7575.0,2433.0
30129,36.02.14.2010,36.02.14,36.02,36,7077.0,2203.0
30130,36.02.14.2013,36.02.14,36.02,36,7513.0,2356.0
30131,36.02.14.2014,36.02.14,36.02,36,5947.0,1960.0
30132,36.02.14.2017,36.02.14,36.02,36,11515.0,3582.0
30133,36.02.14.2021,36.02.14,36.02,36,4972.0,1659.0
30134,36.02.14.2023,36.02.14,36.02,36,6886.0,2121.0
30135,36.02.16.2004,36.02.16,36.02,36,2252.0,739.0
30136,36.02.15.2002,36.02.15,36.02,36,5172.0,1646.0
30137,36.02.15.2003,36.02.15,36.02,36,5844.0,1852.0
30138,36.02.15.2004,36.02.15,36.02,36,4298.0,1366.0
30139,36.02.15.2005,36.02.15,36.02,36,3878.0,1233.0
30140,36.02.15.2007,36.02.15,36.02,36,5833.0,1828.0
30141,36.02.15.2008,36.02.15,36.02,36,5703.0,1789.0
30142,36.02.15.2009,36.02.15,36.02,36,4658.0,1449.0
30143,36.02.16.2007,36.02.16,36.02,36,3656.0,1218.0
30144,36.02.16.2008,36.02.16,36.02,36,2491.0,875.0
30145,36.02.16.2013,36.02.16,36.02,36,5284.0,1714.0
30146,36.02.16.2014,36.02.16,36.02,36,3172.0,1073.0
30147,36.02.16.2016,36.02.16,36.02,36,1776.0,577.0
30148,36.02.17.2004,36.02.17,36.02,36,2631.0,837.0
30149,36.02.17.2003,36.02.17,36.02,36,2983.0,963.0
30150,36.02.17.2013,36.02.17,36.02,36,2038.0,656.0
30151,36.02.17.2008,36.02.17,36.02,36,4842.0,1632.0
30152,36.02.17.2009,36.02.17,36.02,36,3935.0,1209.0
30153,36.02.18.2001,36.02.18,36.02,36,6420.0,1956.0
30154,36.02.18.2005,36.02.18,36.02,36,3076.0,939.0
30155,36.02.18.2006,36.02.18,36.02,36,3338.0,1078.0
30156,36.02.18.2007,36.02.18,36.02,36,4696.0,1502.0
30157,36.02.18.2010,36.02.18,36.02,36,5539.0,1745.0
30158,36.02.18.2011,36.02.18,36.02,36,6912.0,2191.0
30159,36.02.18.2014,36.02.18,36.02,36,3873.0,1155.0
30160,36.02.19.2004,36.02.19,36.02,36,2756.0,1031.0
30161,36.02.19.2006,36.02.19,36.02,36,3755.0,1362.0
30162,36.02.19.2007,36.02.19,36.02,36,2437.0,914.0
30163,36.02.19.2009,36.02.19,36.02,36,2753.0,973.0
30164,36.02.19.2011,36.02.19,36.02,36,2638.0,928.0
30165,36.02.19.2016,36.02.19,36.02,36,2376.0,941.0
30166,36.02.19.2017,36.02.19,36.02,36,1961.0,787.0
30167,36.02.19.2018,36.02.19,36.02,36,1861.0,747.0
30168,36.02.19.2019,36.02.19,36.02,36,2417.0,921.0
30169,36.02.19.2020,36.02.19,36.02,36,1395.0,553.0
30170,36.02.19.2021,36.02.19,36.02,36,2209.0,812.0
30171,36.02.19.2022,36.02.19,36.02,36,1821.0,640.0
30172,36.02.19.2023,36.02.19,36.02,36,3269.0,1074.0
30173,36.02.20.2001,36.02.20,36.02,36,2926.0,1047.0
30174,36.02.20.2006,36.02.20,36.02,36,3008.0,1036.0
30175,36.02.20.2007,36.02.20,36.02,36,4255.0,1448.0
30176,36.02.20.2008,36.02.20,36.02,36,2605.0,947.0
30177,36.02.20.2009,36.02.20,36.02,36,1958.0,669.0
30178,36.02.20.2010,36.02.20,36.02,36,2755.0,965.0
30179,36.02.21.2001,36.02.21,36.02,36,6677.0,2291.0
30180,36.02.21.2012,36.02.21,36.02,36,2544.0,788.0
30181,36.02.21.2004,36.02.21,36.02,36,2140.0,771.0
30182,36.02.27.2003,36.02.27,36.02,36,2156.0,772.0
30183,36.02.21.2005,36.02.21,36.02,36,10566.0,3465.0
30184,36.02.21.2007,36.02.21,36.02,36,2792.0,1008.0
30185,36.02.21.2008,36.02.21,36.02,36,3229.0,1036.0
30186,36.02.21.2010,36.02.21,36.02,36,5322.0,1774.0
30187,36.02.21.2013,36.02.21,36.02,36,1926.0,641.0
30188,36.02.22.2001,36.02.22,36.02,36,2672.0,929.0
30189,36.02.22.2002,36.02.22,36.02,36,3943.0,1408.0
30190,36.02.22.2003,36.02.22,36.02,36,2030.0,805.0
30191,36.02.22.2005,36.02.22,36.02,36,3838.0,1367.0
30192,36.02.22.2007,36.02.22,36.02,36,3555.0,1216.0
30193,36.02.22.2008,36.02.22,36.02,36,2021.0,752.0
30194,36.02.22.2010,36.02.22,36.02,36,1910.0,706.0
30195,36.02.23.2001,36.02.23,36.02,36,3870.0,1332.0
30196,36.02.23.2003,36.02.23,36.02,36,2735.0,863.0
30197,36.02.23.2006,36.02.23,36.02,36,3660.0,1143.0
30198,36.02.23.2009,36.02.23,36.02,36,3279.0,1071.0
30199,36.02.24.2002,36.02.24,36.02,36,6054.0,1791.0
30200,36.02.24.2006,36.02.24,36.02,36,5846.0,1796.0
30201,36.02.24.2007,36.02.24,36.02,36,3743.0,1183.0
30202,36.02.25.2003,36.02.25,36.02,36,2902.0,1074.0
30203,36.03.05.2002,36.03.05,36.03,36,7875.0,2618.0
30204,36.02.26.2004,36.02.26,36.02,36,5226.0,1805.0
30205,36.02.26.2005,36.02.26,36.02,36,2545.0,952.0
30206,36.03.01.2013,36.03.01,36.03,36,6512.0,2188.0
30207,36.02.26.2009,36.02.26,36.02,36,1844.0,678.0
30208,36.02.27.2001,36.02.27,36.02,36,1966.0,696.0
30209,36.02.27.2002,36.02.27,36.02,36,4780.0,1666.0
30210,36.02.27.2007,36.02.27,36.02,36,2750.0,1033.0
30211,36.02.27.2008,36.02.27,36.02,36,1931.0,703.0
30212,36.02.27.2009,36.02.27,36.02,36,1710.0,631.0
30213,36.02.28.2002,36.02.28,36.02,36,2164.0,807.0
30214,36.02.28.2004,36.02.28,36.02,36,1777.0,702.0
30215,36.03.01.2005,36.03.01,36.03,36,8839.0,3136.0
30216,36.03.01.2009,36.03.01,36.03,36,13373.0,4503.0
30217,36.03.01.1001,36.03.01,36.03,36,10179.0,3492.0
30218,36.03.02.2004,36.03.02,36.03,36,8029.0,2725.0
30219,36.03.03.1001,36.03.03,36.03,36,14578.0,4728.0
30220,36.03.03.2002,36.03.03,36.03,36,5431.0,1889.0
30221,36.03.03.2005,36.03.03,36.03,36,13432.0,4118.0
30222,36.03.03.2006,36.03.03,36.03,36,4402.0,1415.0
30223,36.03.03.2008,36.03.03,36.03,36,9236.0,2873.0
30224,36.03.03.2009,36.03.03,36.03,36,5447.0,1720.0
30225,36.03.04.2005,36.03.04,36.03,36,6644.0,2189.0
30226,36.03.03.2010,36.03.03,36.03,36,13645.0,4453.0
30227,36.03.03.2011,36.03.03,36.03,36,7345.0,2495.0
30228,36.03.03.2014,36.03.03,36.03,36,6371.0,2089.0
30229,36.03.04.2001,36.03.04,36.03,36,3734.0,1257.0
30230,36.03.04.2003,36.03.04,36.03,36,4117.0,1373.0
30231,36.03.04.2004,36.03.04,36.03,36,6000.0,2031.0
30232,36.03.04.2006,36.03.04,36.03,36,5206.0,1736.0
30233,36.03.04.2010,36.03.04,36.03,36,3049.0,1065.0
30234,36.03.05.2003,36.03.05,36.03,36,9079.0,2961.0
30235,36.03.05.2008,36.03.05,36.03,36,7771.0,2598.0
30236,36.03.09.2005,36.03.09,36.03,36,6366.0,2108.0
30237,36.03.05.2017,36.03.05,36.03,36,10564.0,3335.0
30238,36.03.06.2001,36.03.06,36.03,36,5427.0,1995.0
30239,36.03.06.2009,36.03.06,36.03,36,7391.0,2601.0
30240,36.03.06.2015,36.03.06,36.03,36,7592.0,2729.0
30241,36.03.06.2018,36.03.06,36.03,36,9396.0,3193.0
30242,36.03.07.2015,36.03.07,36.03,36,4271.0,1805.0
30243,36.03.08.2004,36.03.08,36.03,36,7329.0,2316.0
30244,36.03.08.2005,36.03.08,36.03,36,5193.0,1721.0
30245,36.03.08.2006,36.03.08,36.03,36,4107.0,1406.0
30246,36.03.08.2007,36.03.08,36.03,36,7485.0,2554.0
30247,36.03.08.2009,36.03.08,36.03,36,7076.0,2385.0
30248,36.03.08.2010,36.03.08,36.03,36,7795.0,2657.0
30249,36.03.08.2011,36.03.08,36.03,36,7087.0,2210.0
30250,36.03.13.2003,36.03.13,36.03,36,9729.0,3355.0
30251,36.03.08.2012,36.03.08,36.03,36,5977.0,2094.0
30252,36.03.09.2001,36.03.09,36.03,36,4018.0,1351.0
30253,36.03.09.2002,36.03.09,36.03,36,3883.0,1285.0
30254,36.03.09.2004,36.03.09,36.03,36,9471.0,3199.0
30255,36.03.09.2006,36.03.09,36.03,36,9308.0,3106.0
30256,36.03.10.2002,36.03.10,36.03,36,7535.0,2533.0
30257,36.03.11.1010,36.03.11,36.03,36,20488.0,6625.0
30258,36.03.11.2001,36.03.11,36.03,36,11980.0,3922.0
30259,36.03.11.2002,36.03.11,36.03,36,7321.0,2448.0
30260,36.03.11.2005,36.03.11,36.03,36,5945.0,1970.0
30261,36.03.11.2007,36.03.11,36.03,36,15356.0,5232.0
30262,36.03.11.2009,36.03.11,36.03,36,4896.0,1677.0
30263,36.03.11.2014,36.03.11,36.03,36,26281.0,8162.0
30264,36.03.12.1012,36.03.12,36.03,36,29008.0,9197.0
30265,36.03.12.1014,36.03.12,36.03,36,29225.0,9259.0
30266,36.03.13.2005,36.03.13,36.03,36,15225.0,5316.0
30267,36.03.13.2006,36.03.13,36.03,36,16134.0,5318.0
30268,36.03.13.2007,36.03.13,36.03,36,10787.0,3703.0
30269,36.03.22.2006,36.03.22,36.03,36,7193.0,2496.0
30270,36.03.13.2010,36.03.13,36.03,36,7751.0,2839.0
30271,36.03.13.2013,36.03.13,36.03,36,11444.0,4012.0
30272,36.03.14.1003,36.03.14,36.03,36,15026.0,5001.0
30273,36.03.14.2004,36.03.14,36.03,36,5282.0,1851.0
30274,36.03.14.2005,36.03.14,36.03,36,8250.0,2880.0
30275,36.03.14.2006,36.03.14,36.03,36,8745.0,2962.0
30276,36.03.14.2008,36.03.14,36.03,36,12271.0,4106.0
30277,36.03.14.2009,36.03.14,36.03,36,7353.0,2430.0
30278,36.03.15.2002,36.03.15,36.03,36,6583.0,2320.0
30279,36.03.15.2003,36.03.15,36.03,36,6096.0,2181.0
30280,36.03.15.2004,36.03.15,36.03,36,6828.0,2425.0
30281,36.03.15.2006,36.03.15,36.03,36,6982.0,2418.0
30282,36.03.15.2007,36.03.15,36.03,36,8375.0,2992.0
30283,36.03.15.2008,36.03.15,36.03,36,6399.0,2167.0
30284,36.04.05.2015,36.04.05,36.04,36,7985.0,2308.0
30285,36.03.15.2011,36.03.15,36.03,36,7805.0,2572.0
30286,36.03.15.2012,36.03.15,36.03,36,12533.0,4354.0
30287,36.03.15.2013,36.03.15,36.03,36,5202.0,1800.0
30288,36.03.15.2014,36.03.15,36.03,36,9279.0,3144.0
30289,36.03.16.1001,36.03.16,36.03,36,11635.0,4112.0
30290,36.03.16.2002,36.03.16,36.03,36,18992.0,6503.0
30291,36.03.16.2003,36.03.16,36.03,36,11595.0,4163.0
30292,36.03.16.2008,36.03.16,36.03,36,10094.0,3499.0
30293,36.03.16.2012,36.03.16,36.03,36,7793.0,2757.0
30294,36.03.16.2015,36.03.16,36.03,36,10423.0,3626.0
30295,36.03.17.1005,36.03.17,36.03,36,16003.0,5393.0
30296,36.03.17.1006,36.03.17,36.03,36,51825.0,17663.0
30297,36.03.17.2002,36.03.17,36.03,36,13166.0,4477.0
30298,36.03.17.2003,36.03.17,36.03,36,26088.0,9232.0
30299,36.03.17.2004,36.03.17,36.03,36,15899.0,5609.0
30300,36.03.18.1001,36.03.18,36.03,36,22248.0,7533.0
30301,36.03.18.2002,36.03.18,36.03,36,9778.0,3409.0
30302,36.03.18.2005,36.03.18,36.03,36,16679.0,6229.0
30303,36.03.18.2010,36.03.18,36.03,36,15709.0,5384.0
30304,36.03.18.2013,36.03.18,36.03,36,4731.0,1680.0
30305,36.03.18.2014,36.03.18,36.03,36,13354.0,4607.0
30306,36.03.19.2003,36.03.19,36.03,36,9951.0,3369.0
30307,36.03.20.2006,36.03.20,36.03,36,12418.0,4023.0
30308,36.03.19.2004,36.03.19,36.03,36,7060.0,2419.0
30309,36.03.19.2006,36.03.19,36.03,36,6967.0,2247.0
30310,36.03.19.2007,36.03.19,36.03,36,26935.0,8495.0
30311,36.03.19.2008,36.03.19,36.03,36,16042.0,5225.0
30312,36.03.20.1011,36.03.20,36.03,36,12413.0,3969.0
30313,36.03.20.2005,36.03.20,36.03,36,5755.0,1867.0
30314,36.03.20.2007,36.03.20,36.03,36,11045.0,3470.0
30315,36.03.20.2009,36.03.20,36.03,36,12872.0,4168.0
30316,36.03.22.1004,36.03.22,36.03,36,17446.0,5624.0
30317,36.03.22.2002,36.03.22,36.03,36,6098.0,2017.0
30318,36.03.22.2007,36.03.22,36.03,36,7854.0,2639.0
30319,36.03.22.2011,36.03.22,36.03,36,6904.0,2346.0
30320,36.03.23.2003,36.03.23,36.03,36,6241.0,2031.0
30321,36.03.23.2005,36.03.23,36.03,36,25649.0,7927.0
30322,36.03.23.2009,36.03.23,36.03,36,6023.0,1983.0
30323,36.03.27.2003,36.03.27,36.03,36,8541.0,2916.0
30324,36.03.27.2008,36.03.27,36.03,36,5671.0,2065.0
30325,36.03.28.1001,36.03.28,36.03,36,25951.0,8193.0
30326,36.03.28.1003,36.03.28,36.03,36,10760.0,3453.0
30327,36.03.28.1005,36.03.28,36.03,36,45214.0,14602.0
30328,36.03.28.2006,36.03.28,36.03,36,12063.0,4017.0
30329,36.03.29.2001,36.03.29,36.03,36,8030.0,2746.0
30330,36.03.29.2002,36.03.29,36.03,36,16935.0,5433.0
30331,36.03.29.2004,36.03.29,36.03,36,9603.0,3172.0
30332,36.03.29.2007,36.03.29,36.03,36,5851.0,1860.0
30333,36.03.30.2001,36.03.30,36.03,36,10814.0,3621.0
30334,36.03.30.2004,36.03.30,36.03,36,8024.0,2674.0
30335,36.03.30.2007,36.03.30,36.03,36,6778.0,2322.0
30336,36.03.31.2002,36.03.31,36.03,36,12844.0,4206.0
30337,36.03.32.2004,36.03.32,36.03,36,4003.0,1462.0
30338,36.03.31.2005,36.03.31,36.03,36,5175.0,1734.0
30339,36.03.31.2006,36.03.31,36.03,36,18229.0,5833.0
30340,36.03.32.2006,36.03.32,36.03,36,5661.0,2060.0
30341,36.03.33.2002,36.03.33,36.03,36,2996.0,1078.0
30342,36.03.33.2004,36.03.33,36.03,36,3618.0,1323.0
30343,36.03.33.2007,36.03.33,36.03,36,6597.0,2485.0
30344,36.04.05.2001,36.04.05,36.04,36,9322.0,3117.0
30345,36.04.05.2003,36.04.05,36.04,36,9843.0,3039.0
30346,36.04.05.2004,36.04.05,36.04,36,3773.0,1240.0
30347,36.04.05.2006,36.04.05,36.04,36,5009.0,1622.0
30348,36.04.05.2007,36.04.05,36.04,36,4266.0,1358.0
30349,36.04.05.2008,36.04.05,36.04,36,3387.0,1024.0
30350,36.04.05.2009,36.04.05,36.04,36,4661.0,1524.0
30351,36.04.05.2011,36.04.05,36.04,36,7964.0,2423.0
30352,36.04.06.2001,36.04.06,36.04,36,11785.0,3475.0
30353,36.04.06.2002,36.04.06,36.04,36,2691.0,839.0
30354,36.04.06.2003,36.04.06,36.04,36,3193.0,940.0
30355,36.04.06.2004,36.04.06,36.04,36,2332.0,737.0
30356,36.04.06.2005,36.04.06,36.04,36,3146.0,1021.0
30357,36.04.06.2007,36.04.06,36.04,36,3440.0,1051.0
30358,36.04.07.2002,36.04.07,36.04,36,4362.0,1362.0
30359,36.04.07.2008,36.04.07,36.04,36,3121.0,996.0
30360,36.04.07.2009,36.04.07,36.04,36,3051.0,1035.0
30361,36.04.07.2010,36.04.07,36.04,36,3268.0,1118.0
30362,36.04.07.2011,36.04.07,36.04,36,2980.0,1083.0
30363,36.04.08.2003,36.04.08,36.04,36,3258.0,975.0
30364,36.04.08.2004,36.04.08,36.04,36,4697.0,1592.0
30365,36.04.08.2005,36.04.08,36.04,36,4706.0,1564.0
30366,36.04.08.2007,36.04.08,36.04,36,3832.0,1255.0
30367,36.04.08.2009,36.04.08,36.04,36,3070.0,1011.0
30368,36.04.09.2004,36.04.09,36.04,36,3646.0,1200.0
30369,36.04.09.2005,36.04.09,36.04,36,5158.0,1673.0
30370,36.04.09.2011,36.04.09,36.04,36,3712.0,1174.0
30371,36.04.09.2012,36.04.09,36.04,36,4152.0,1477.0
30372,36.04.11.2003,36.04.11,36.04,36,3921.0,1250.0
30373,36.04.09.2017,36.04.09,36.04,36,10862.0,3154.0
30374,36.04.11.2007,36.04.11,36.04,36,10758.0,3526.0
30375,36.04.11.2008,36.04.11,36.04,36,4566.0,1533.0
30376,36.04.11.2012,36.04.11,36.04,36,3257.0,1149.0
30377,36.04.11.2014,36.04.11,36.04,36,3458.0,1108.0
30378,36.04.12.2003,36.04.12,36.04,36,4887.0,1711.0
30379,36.04.12.2010,36.04.12,36.04,36,4424.0,1511.0
30380,36.04.12.2011,36.04.12,36.04,36,4367.0,1436.0
30381,36.04.12.2012,36.04.12,36.04,36,2434.0,852.0
30382,36.04.12.2013,36.04.12,36.04,36,4242.0,1379.0
30383,36.04.13.2004,36.04.13,36.04,36,2925.0,928.0
30384,36.04.13.2006,36.04.13,36.04,36,4814.0,1602.0
30385,36.04.13.2007,36.04.13,36.04,36,5792.0,2003.0
30386,36.04.13.2009,36.04.13,36.04,36,1407.0,454.0
30387,36.04.13.2010,36.04.13,36.04,36,2556.0,796.0
30388,36.04.13.2013,36.04.13,36.04,36,2055.0,643.0
30389,36.04.14.2001,36.04.14,36.04,36,2546.0,825.0
30390,36.04.15.2013,36.04.15,36.04,36,16832.0,5170.0
30391,36.04.14.2007,36.04.14,36.04,36,4916.0,1643.0
30392,36.04.14.2008,36.04.14,36.04,36,5261.0,1691.0
30393,36.04.14.2009,36.04.14,36.04,36,3727.0,1217.0
30394,36.04.15.2001,36.04.15,36.04,36,17776.0,5695.0
30395,36.04.15.2003,36.04.15,36.04,36,5478.0,1752.0
30396,36.04.15.2004,36.04.15,36.04,36,9116.0,2969.0
30397,36.04.15.2005,36.04.15,36.04,36,6380.0,2124.0
30398,36.04.15.2008,36.04.15,36.04,36,4658.0,1537.0
30399,36.04.15.2009,36.04.15,36.04,36,7190.0,2358.0
30400,36.04.15.2010,36.04.15,36.04,36,4409.0,1492.0
30401,36.04.15.2011,36.04.15,36.04,36,4698.0,1602.0
30402,36.04.16.2001,36.04.16,36.04,36,7562.0,2582.0
30403,36.04.16.2003,36.04.16,36.04,36,4830.0,1634.0
30404,36.04.17.2004,36.04.17,36.04,36,6179.0,2248.0
30405,36.04.16.2006,36.04.16,36.04,36,5052.0,1677.0
30406,36.04.16.2007,36.04.16,36.04,36,4798.0,1588.0
30407,36.04.16.2008,36.04.16,36.04,36,6153.0,2068.0
30408,36.04.17.2001,36.04.17,36.04,36,2727.0,939.0
30409,36.04.17.2009,36.04.17,36.04,36,4409.0,1458.0
30410,36.04.17.2010,36.04.17,36.04,36,4268.0,1435.0
30411,36.04.18.2001,36.04.18,36.04,36,4411.0,1505.0
30412,36.04.18.2002,36.04.18,36.04,36,3655.0,1254.0
30413,36.04.18.2003,36.04.18,36.04,36,2088.0,736.0
30414,36.04.18.2005,36.04.18,36.04,36,3672.0,1221.0
30415,36.04.18.2007,36.04.18,36.04,36,4551.0,1540.0
30416,36.04.19.2002,36.04.19,36.04,36,3957.0,1364.0
30417,36.04.19.2004,36.04.19,36.04,36,5172.0,1741.0
30418,36.04.19.2009,36.04.19,36.04,36,2709.0,927.0
30419,36.04.19.2010,36.04.19,36.04,36,2846.0,937.0
30420,36.04.19.2013,36.04.19,36.04,36,2854.0,946.0
30421,36.04.19.2014,36.04.19,36.04,36,3300.0,1077.0
30422,36.04.19.2015,36.04.19,36.04,36,1884.0,644.0
30423,36.04.20.2001,36.04.20,36.04,36,4597.0,1552.0
30424,36.04.20.2003,36.04.20,36.04,36,5473.0,1815.0
30425,36.04.20.2006,36.04.20,36.04,36,3492.0,1103.0
30426,36.04.20.2008,36.04.20,36.04,36,5583.0,1792.0
30427,36.04.20.2009,36.04.20,36.04,36,2168.0,710.0
30428,36.04.22.2003,36.04.22,36.04,36,5398.0,1629.0
30429,36.04.22.2004,36.04.22,36.04,36,4476.0,1404.0
30430,36.04.22.2005,36.04.22,36.04,36,2684.0,801.0
30431,36.04.22.2007,36.04.22,36.04,36,4949.0,1502.0
30432,36.04.22.2010,36.04.22,36.04,36,3080.0,942.0
30433,36.04.23.2002,36.04.23,36.04,36,5602.0,1863.0
30434,36.04.23.2005,36.04.23,36.04,36,4180.0,1448.0
30435,36.04.23.2006,36.04.23,36.04,36,3097.0,1054.0
30436,36.04.23.2007,36.04.23,36.04,36,5079.0,1723.0
30437,36.04.23.2008,36.04.23,36.04,36,5872.0,1923.0
30438,36.04.23.2010,36.04.23,36.04,36,2995.0,1026.0
30439,36.04.23.2014,36.04.23,36.04,36,2975.0,1042.0
30440,36.04.23.2016,36.04.23,36.04,36,4347.0,1438.0
30441,36.04.24.2001,36.04.24,36.04,36,5573.0,1898.0
30442,36.04.24.2002,36.04.24,36.04,36,5192.0,1758.0
30443,36.04.24.2004,36.04.24,36.04,36,4766.0,1592.0
30444,36.04.24.2018,36.04.24,36.04,36,3559.0,1180.0
30445,36.04.25.2002,36.04.25,36.04,36,5034.0,1567.0
30446,36.04.28.2010,36.04.28,36.04,36,7350.0,2171.0
30447,36.04.25.2004,36.04.25,36.04,36,5072.0,1619.0
30448,36.04.25.2005,36.04.25,36.04,36,5455.0,1797.0
30449,36.04.25.2009,36.04.25,36.04,36,2241.0,732.0
30450,36.04.26.2001,36.04.26,36.04,36,5328.0,1700.0
30451,36.04.26.2002,36.04.26,36.04,36,4025.0,1327.0
30452,36.04.26.2003,36.04.26,36.04,36,7127.0,2351.0
30453,36.04.27.2001,36.04.27,36.04,36,3918.0,1342.0
30454,36.04.26.2004,36.04.26,36.04,36,5982.0,1894.0
30455,36.04.26.2005,36.04.26,36.04,36,6582.0,2127.0
30456,36.04.26.2007,36.04.26,36.04,36,5801.0,1878.0
30457,36.04.26.2008,36.04.26,36.04,36,6100.0,2010.0
30458,36.04.26.2009,36.04.26,36.04,36,7189.0,2336.0
30459,36.04.27.2003,36.04.27,36.04,36,3984.0,1285.0
30460,36.04.27.2009,36.04.27,36.04,36,2611.0,824.0
30461,36.04.27.2011,36.04.27,36.04,36,3242.0,967.0
30462,36.04.29.2013,36.04.29,36.04,36,3546.0,1115.0
30463,36.04.28.2006,36.04.28,36.04,36,4995.0,1490.0
30464,36.04.28.2007,36.04.28,36.04,36,3114.0,945.0
30465,36.04.28.2009,36.04.28,36.04,36,5523.0,1682.0
30466,36.04.28.2012,36.04.28,36.04,36,6578.0,1986.0
30467,36.04.28.2015,36.04.28,36.04,36,1366.0,400.0
30468,36.04.29.2001,36.04.29,36.04,36,4601.0,1472.0
30469,36.04.29.2014,36.04.29,36.04,36,2383.0,764.0
30470,36.04.29.2003,36.04.29,36.04,36,3708.0,1271.0
30471,36.04.29.2004,36.04.29,36.04,36,7198.0,2384.0
30472,36.04.29.2005,36.04.29,36.04,36,2830.0,879.0
30473,36.04.29.2006,36.04.29,36.04,36,6653.0,2072.0
30474,36.04.29.2007,36.04.29,36.04,36,2237.0,705.0
30475,36.04.29.2009,36.04.29,36.04,36,3915.0,1342.0
30476,36.04.29.2010,36.04.29,36.04,36,4399.0,1457.0
30477,36.04.29.2012,36.04.29,36.04,36,4468.0,1410.0
30478,36.04.30.2002,36.04.30,36.04,36,3990.0,1328.0
30479,36.04.30.2005,36.04.30,36.04,36,4791.0,1617.0
30480,36.04.30.2007,36.04.30,36.04,36,4796.0,1600.0
30481,36.04.30.2008,36.04.30,36.04,36,3034.0,1061.0
30482,36.04.31.2001,36.04.31,36.04,36,5043.0,1722.0
30483,36.04.31.2002,36.04.31,36.04,36,3660.0,1250.0
30484,36.04.31.2007,36.04.31,36.04,36,3766.0,1338.0
30485,36.04.31.2005,36.04.31,36.04,36,5641.0,1866.0
30486,36.04.31.2006,36.04.31,36.04,36,4149.0,1438.0
30487,36.04.31.2008,36.04.31,36.04,36,3247.0,1108.0
30488,36.04.31.2009,36.04.31,36.04,36,4120.0,1484.0
30489,36.04.31.2010,36.04.31,36.04,36,5043.0,1647.0
30490,36.04.31.2012,36.04.31,36.04,36,2200.0,739.0
30491,36.04.32.2001,36.04.32,36.04,36,3959.0,1240.0
30492,36.04.32.2003,36.04.32,36.04,36,4426.0,1329.0
30493,36.04.32.2006,36.04.32,36.04,36,2811.0,895.0
30494,36.04.32.2012,36.04.32,36.04,36,4827.0,1479.0
30495,36.04.33.2003,36.04.33,36.04,36,3954.0,1177.0
30496,36.04.32.2014,36.04.32,36.04,36,1558.0,539.0
30497,36.04.33.2002,36.04.33,36.04,36,3656.0,1107.0
30498,36.04.33.2004,36.04.33,36.04,36,2403.0,750.0
30499,36.04.33.2006,36.04.33,36.04,36,1967.0,576.0
30500,36.04.33.2007,36.04.33,36.04,36,2211.0,719.0
30501,36.04.34.2001,36.04.34,36.04,36,7213.0,2472.0
30502,36.04.34.2002,36.04.34,36.04,36,5062.0,1667.0
30503,36.04.34.2004,36.04.34,36.04,36,3818.0,1312.0
30504,36.04.34.2005,36.04.34,36.04,36,2899.0,1001.0
30505,36.04.34.2006,36.04.34,36.04,36,4058.0,1388.0
30506,36.04.34.2008,36.04.34,36.04,36,3623.0,1276.0
30507,36.04.35.2002,36.04.35,36.04,36,4268.0,1539.0
30508,36.04.35.2003,36.04.35,36.04,36,2556.0,1016.0
30509,36.71.01.1003,36.71.01,36.71,36,34514.0,11319.0
30510,36.71.01.1004,36.71.01,36.71,36,24457.0,7949.0
30511,36.71.01.1007,36.71.01,36.71,36,24033.0,8062.0
30512,36.71.02.1001,36.71.02,36.71,36,18724.0,6342.0
30513,36.71.02.1002,36.71.02,36.71,36,14512.0,5234.0
30514,36.71.02.1003,36.71.02,36.71,36,15419.0,5524.0
30515,36.71.03.1002,36.71.03,36.71,36,10138.0,3377.0
30516,36.71.03.1003,36.71.03,36.71,36,17420.0,5777.0
30517,36.71.04.1003,36.71.04,36.71,36,12357.0,4305.0
30518,36.71.05.1001,36.71.05,36.71,36,25500.0,8232.0
30519,36.71.05.1002,36.71.05,36.71,36,29603.0,9617.0
30520,36.71.05.1006,36.71.05,36.71,36,18819.0,6126.0
30521,36.71.05.1008,36.71.05,36.71,36,16115.0,5215.0
30522,36.71.05.1010,36.71.05,36.71,36,22860.0,7317.0
30523,36.71.07.1009,36.71.07,36.71,36,14933.0,4908.0
30524,36.71.06.1005,36.71.06,36.71,36,16598.0,5349.0
30525,36.71.06.1006,36.71.06,36.71,36,21604.0,6998.0
30526,36.71.06.1007,36.71.06,36.71,36,15744.0,5027.0
30527,36.71.06.1008,36.71.06,36.71,36,17245.0,5407.0
30528,36.71.07.1001,36.71.07,36.71,36,7327.0,2500.0
30529,36.71.07.1010,36.71.07,36.71,36,16522.0,5538.0
30530,36.71.07.1011,36.71.07,36.71,36,14072.0,4886.0
30531,36.71.07.1012,36.71.07,36.71,36,7525.0,2547.0
30532,36.71.07.1015,36.71.07,36.71,36,5360.0,1924.0
30533,36.71.08.1004,36.71.08,36.71,36,25088.0,8421.0
30534,36.71.08.1005,36.71.08,36.71,36,16659.0,5564.0
30535,36.71.09.1001,36.71.09,36.71,36,28290.0,9495.0
30536,36.71.09.1002,36.71.09,36.71,36,34598.0,11906.0
30537,36.71.09.1005,36.71.09,36.71,36,29865.0,10124.0
30538,36.71.09.1006,36.71.09,36.71,36,16145.0,5754.0
30539,36.71.10.1001,36.71.10,36.71,36,18358.0,5967.0
30540,36.71.10.1002,36.71.10,36.71,36,25251.0,8425.0
30541,36.71.10.1005,36.71.10,36.71,36,12401.0,4181.0
30542,36.71.10.1007,36.71.10,36.71,36,9281.0,3004.0
30543,36.71.11.1004,36.71.11,36.71,36,15372.0,4913.0
30544,36.71.11.1008,36.71.11,36.71,36,7564.0,2661.0
30545,36.71.11.1009,36.71.11,36.71,36,10121.0,3470.0
30546,36.71.11.1011,36.71.11,36.71,36,2976.0,1089.0
30547,36.71.12.1001,36.71.12,36.71,36,27604.0,9169.0
30548,36.71.12.1002,36.71.12,36.71,36,13665.0,4542.0
30549,36.71.12.1003,36.71.12,36.71,36,12953.0,4269.0
30550,36.71.12.1004,36.71.12,36.71,36,12508.0,4065.0
30551,36.71.12.1007,36.71.12,36.71,36,6110.0,1985.0
30552,36.71.13.1005,36.71.13,36.71,36,14507.0,4936.0
30553,36.71.13.1006,36.71.13,36.71,36,22791.0,7387.0
30554,36.71.13.1007,36.71.13,36.71,36,16011.0,5338.0
30555,36.72.01.1002,36.72.01,36.72,36,9467.0,2923.0
30556,36.72.01.1003,36.72.01,36.72,36,4903.0,1504.0
30557,36.72.01.1006,36.72.01,36.72,36,7109.0,2120.0
30558,36.72.03.1004,36.72.03,36.72,36,6524.0,2182.0
30559,36.72.02.1004,36.72.02,36.72,36,7031.0,2187.0
30560,36.72.02.1005,36.72.02,36.72,36,12052.0,3754.0
30561,36.72.04.1001,36.72.04,36.72,36,7042.0,2168.0
30562,36.72.03.1003,36.72.03,36.72,36,12467.0,4099.0
30563,36.72.04.1003,36.72.04,36.72,36,7413.0,2245.0
30564,36.72.04.1004,36.72.04,36.72,36,6905.0,2238.0
30565,36.72.05.1003,36.72.05,36.72,36,14348.0,4472.0
30566,36.72.05.1001,36.72.05,36.72,36,11366.0,3488.0
30567,36.72.05.1004,36.72.05,36.72,36,10391.0,3044.0
30568,36.72.05.1005,36.72.05,36.72,36,7776.0,2282.0
30569,36.72.06.1002,36.72.06,36.72,36,4295.0,1423.0
30570,36.72.06.1004,36.72.06,36.72,36,13706.0,4607.0
30571,36.72.07.1002,36.72.07,36.72,36,9461.0,2906.0
30572,36.72.08.1001,36.72.08,36.72,36,13844.0,3958.0
30573,36.72.08.1002,36.72.08,36.72,36,7960.0,2358.0
30574,36.72.08.1003,36.72.08,36.72,36,7706.0,2374.0
30575,36.73.03.1002,36.73.03,36.73,36,4189.0,1325.0
30576,36.72.08.1004,36.72.08,36.72,36,8004.0,2400.0
30577,36.73.03.1003,36.73.03,36.73,36,4358.0,1417.0
30578,36.73.01.1001,36.73.01,36.73,36,30441.0,8962.0
30579,36.73.01.1002,36.73.01,36.73,36,25490.0,8222.0
30580,36.73.01.1004,36.73.01,36.73,36,6635.0,2238.0
30581,36.73.01.1007,36.73.01,36.73,36,41107.0,12040.0
30582,36.73.01.1009,36.73.01,36.73,36,9702.0,3149.0
30583,36.73.01.1010,36.73.01,36.73,36,21306.0,6384.0
30584,36.73.01.1011,36.73.01,36.73,36,8643.0,2596.0
30585,36.73.02.1001,36.73.02,36.73,36,15901.0,4681.0
30586,36.73.02.1002,36.73.02,36.73,36,7843.0,2360.0
30587,36.73.03.1004,36.73.03,36.73,36,9103.0,2775.0
30588,36.73.03.1006,36.73.03,36.73,36,6327.0,2008.0
30589,36.73.02.1007,36.73.02,36.73,36,15439.0,4805.0
30590,36.73.02.1008,36.73.02,36.73,36,9793.0,3268.0
30591,36.73.02.1010,36.73.02,36.73,36,8430.0,2494.0
30592,36.73.02.1011,36.73.02,36.73,36,7269.0,2297.0
30593,36.73.03.1007,36.73.03,36.73,36,10041.0,3064.0
30594,36.73.03.1011,36.73.03,36.73,36,4392.0,1425.0
30595,36.73.03.1013,36.73.03,36.73,36,3405.0,1065.0
30596,36.73.04.1004,36.73.04,36.73,36,4318.0,1455.0
30597,36.73.04.1007,36.73.04,36.73,36,4047.0,1179.0
30598,36.73.04.1008,36.73.04,36.73,36,4768.0,1493.0
30599,36.73.05.1001,36.73.05,36.73,36,14492.0,4229.0
30600,36.73.05.1002,36.73.05,36.73,36,7933.0,2371.0
30601,36.73.05.1005,36.73.05,36.73,36,19971.0,5908.0
30602,36.73.06.1004,36.73.06,36.73,36,4348.0,1282.0
30603,36.73.06.1006,36.73.06,36.73,36,8088.0,2392.0
30604,36.73.06.1011,36.73.06,36.73,36,7117.0,2037.0
30605,36.74.01.1001,36.74.01,36.74,36,23182.0,7357.0
30606,36.74.04.1005,36.74.04,36.74,36,19120.0,5943.0
30607,36.74.01.1002,36.74.01,36.74,36,26734.0,8348.0
30608,36.74.01.1003,36.74.01,36.74,36,16507.0,5239.0
30609,36.74.01.1006,36.74.01,36.74,36,17378.0,5519.0
30610,36.74.01.1007,36.74.01,36.74,36,10885.0,3482.0
30611,36.74.01.1008,36.74.01,36.74,36,9885.0,3161.0
30612,36.74.02.1002,36.74.02,36.74,36,14711.0,4890.0
30613,36.74.02.1004,36.74.02,36.74,36,19144.0,6275.0
30614,36.74.02.1005,36.74.02,36.74,36,17524.0,5533.0
30615,36.74.02.1006,36.74.02,36.74,36,30055.0,9561.0
30616,36.74.02.1007,36.74.02,36.74,36,7265.0,2377.0
30617,36.74.03.1001,36.74.03,36.74,36,32864.0,11041.0
30618,36.74.03.1003,36.74.03,36.74,36,24865.0,8097.0
30619,36.74.03.1008,36.74.03,36.74,36,18482.0,5904.0
30620,36.74.03.1011,36.74.03,36.74,36,28707.0,9251.0
30621,36.74.04.1003,36.74.04,36.74,36,24160.0,7729.0
30622,36.74.04.1006,36.74.04,36.74,36,38803.0,12111.0
30623,36.74.05.1003,36.74.05,36.74,36,34083.0,11178.0
30624,36.74.05.1004,36.74.05,36.74,36,24400.0,7984.0
30625,36.74.05.1005,36.74.05,36.74,36,25885.0,8723.0
30626,36.74.06.1001,36.74.06,36.74,36,49733.0,15960.0
30627,36.74.06.1002,36.74.06,36.74,36,39674.0,12342.0
30628,36.74.06.1003,36.74.06,36.74,36,47682.0,14958.0
30629,36.74.07.1001,36.74.07,36.74,36,9805.0,3015.0
30630,36.74.07.1002,36.74.07,36.74,36,13039.0,4136.0
30631,36.74.07.1005,36.74.07,36.74,36,10180.0,3185.0
30632,36.74.07.1006,36.74.07,36.74,36,16868.0,5170.0
30633,36.01.19.2010,36.01.19,36.01,36,5069.0,1639.0
30634,36.01.22.2003,36.01.22,36.01,36,1973.0,565.0
30635,36.04.11.2005,36.04.11,36.04,36,3571.0,1088.0
30636,36.04.12.2001,36.04.12,36.04,36,4110.0,1304.0
30637,36.01.01.2001,36.01.01,36.01,36,4186.0,1445.0
30638,36.01.01.2004,36.01.01,36.01,36,3122.0,1160.0
30639,36.01.12.2004,36.01.12,36.01,36,6715.0,2171.0
30640,36.01.01.2006,36.01.01,36.01,36,2953.0,1059.0
30641,36.01.02.2002,36.01.02,36.01,36,2816.0,1077.0
30642,36.01.02.2011,36.01.02,36.01,36,2674.0,981.0
30643,36.01.02.2008,36.01.02,36.01,36,2743.0,1011.0
30644,36.01.02.2009,36.01.02,36.01,36,2339.0,874.0
30645,36.01.10.2006,36.01.10,36.01,36,3887.0,1441.0
30646,36.01.02.2012,36.01.02,36.01,36,2998.0,1085.0
30647,36.01.03.2001,36.01.03,36.01,36,2877.0,1014.0
30648,36.01.03.2006,36.01.03,36.01,36,1850.0,687.0
30649,36.01.03.2016,36.01.03,36.01,36,2204.0,716.0
30650,36.01.03.2012,36.01.03,36.01,36,3578.0,1414.0
30651,36.01.03.2015,36.01.03,36.01,36,3433.0,1224.0
30652,36.01.04.2001,36.01.04,36.01,36,5010.0,1979.0
30653,36.01.04.2003,36.01.04,36.01,36,2903.0,1132.0
30654,36.01.04.2005,36.01.04,36.01,36,2213.0,835.0
30655,36.01.04.2006,36.01.04,36.01,36,4358.0,1708.0
30656,36.01.07.2002,36.01.07,36.01,36,2357.0,899.0
30657,36.01.04.2009,36.01.04,36.01,36,2267.0,875.0
30658,36.01.04.2013,36.01.04,36.01,36,3352.0,1221.0
30659,36.01.04.2014,36.01.04,36.01,36,5794.0,2055.0
30660,36.01.12.2012,36.01.12,36.01,36,8052.0,2675.0
30661,36.01.05.2001,36.01.05,36.01,36,3541.0,1336.0
30662,36.01.05.2002,36.01.05,36.01,36,2690.0,942.0
30663,36.01.12.2013,36.01.12,36.01,36,6944.0,2217.0
30664,36.01.07.2003,36.01.07,36.01,36,2207.0,786.0
30665,36.01.05.2005,36.01.05,36.01,36,3353.0,1114.0
30666,36.01.05.2006,36.01.05,36.01,36,3949.0,1403.0
30667,36.01.05.2010,36.01.05,36.01,36,3247.0,1200.0
30668,36.01.06.2002,36.01.06,36.01,36,4638.0,1753.0
30669,36.01.06.2004,36.01.06,36.01,36,3844.0,1413.0
30670,36.01.13.2006,36.01.13,36.01,36,2454.0,810.0
30671,36.01.06.2009,36.01.06,36.01,36,10849.0,4092.0
30672,36.01.07.2005,36.01.07,36.01,36,3305.0,1209.0
30673,36.01.13.2011,36.01.13,36.01,36,6878.0,2302.0
30674,36.01.07.2001,36.01.07,36.01,36,4043.0,1496.0
30675,36.01.09.2005,36.01.09,36.01,36,2073.0,747.0
30676,36.01.08.2002,36.01.08,36.01,36,3745.0,1300.0
30677,36.01.08.2006,36.01.08,36.01,36,2957.0,1031.0
30678,36.01.08.2007,36.01.08,36.01,36,2143.0,734.0
30679,36.01.09.2006,36.01.09,36.01,36,2687.0,932.0
30680,36.01.08.2008,36.01.08,36.01,36,2544.0,873.0
30681,36.01.08.2009,36.01.08,36.01,36,2473.0,890.0
30682,36.01.08.2011,36.01.08,36.01,36,1906.0,700.0
30683,36.01.09.2004,36.01.09,36.01,36,3640.0,1304.0
30684,36.01.09.2009,36.01.09,36.01,36,2816.0,965.0
30685,36.01.09.2010,36.01.09,36.01,36,2699.0,963.0
30686,36.01.09.2011,36.01.09,36.01,36,1571.0,571.0
30687,36.01.09.2013,36.01.09,36.01,36,4371.0,1498.0
30688,36.01.10.2002,36.01.10,36.01,36,3251.0,1161.0
30689,36.01.13.2012,36.01.13,36.01,36,3130.0,974.0
30690,36.01.10.2005,36.01.10,36.01,36,3893.0,1359.0
30691,36.01.11.2001,36.01.11,36.01,36,6009.0,2045.0
30692,36.01.11.2002,36.01.11,36.01,36,5020.0,1710.0
30693,36.01.11.2004,36.01.11,36.01,36,4036.0,1387.0
30694,36.01.11.2008,36.01.11,36.01,36,5164.0,1782.0
30695,36.01.12.2002,36.01.12,36.01,36,10561.0,3609.0
30696,36.01.13.2005,36.01.13,36.01,36,6315.0,2096.0
30697,36.01.13.2013,36.01.13,36.01,36,2164.0,696.0
30698,36.01.14.2002,36.01.14,36.01,36,2543.0,855.0
30699,36.01.14.2012,36.01.14,36.01,36,2415.0,819.0
30700,36.01.14.2013,36.01.14,36.01,36,4252.0,1402.0
30701,36.01.14.2008,36.01.14,36.01,36,1462.0,487.0
30702,36.01.14.2009,36.01.14,36.01,36,3270.0,1105.0
30703,36.01.14.2011,36.01.14,36.01,36,4359.0,1473.0
30704,36.01.15.2001,36.01.15,36.01,36,4497.0,1499.0
30705,36.01.15.2002,36.01.15,36.01,36,3053.0,995.0
30706,36.01.15.2006,36.01.15,36.01,36,2374.0,809.0
30707,36.01.15.2008,36.01.15,36.01,36,1925.0,632.0
30708,36.01.16.2001,36.01.16,36.01,36,2432.0,805.0
30709,36.01.16.2012,36.01.16,36.01,36,2384.0,812.0
30710,36.01.16.2005,36.01.16,36.01,36,2655.0,1041.0
30711,36.01.16.2006,36.01.16,36.01,36,2272.0,889.0
30712,36.01.16.2007,36.01.16,36.01,36,1335.0,533.0
30713,36.01.16.2008,36.01.16,36.01,36,1687.0,630.0
30714,36.01.16.2013,36.01.16,36.01,36,3076.0,1066.0
30715,36.01.17.2002,36.01.17,36.01,36,4370.0,1480.0
30716,36.01.17.2003,36.01.17,36.01,36,4378.0,1470.0
30717,36.01.17.2007,36.01.17,36.01,36,3218.0,1115.0
30718,36.01.17.2009,36.01.17,36.01,36,3373.0,1177.0
30719,36.01.17.2011,36.01.17,36.01,36,2749.0,935.0
30720,36.01.17.2013,36.01.17,36.01,36,2391.0,726.0
30721,36.01.18.2002,36.01.18,36.01,36,4607.0,1507.0
30722,36.01.18.2005,36.01.18,36.01,36,3684.0,1146.0
30723,36.01.18.2006,36.01.18,36.01,36,4421.0,1345.0
30724,36.01.18.2015,36.01.18,36.01,36,2399.0,799.0
30725,36.01.19.2002,36.01.19,36.01,36,1810.0,573.0
30726,36.01.19.2003,36.01.19,36.01,36,5080.0,1626.0
30727,36.01.19.2005,36.01.19,36.01,36,5874.0,1779.0
30728,36.01.19.2006,36.01.19,36.01,36,3786.0,1215.0
30729,36.01.19.2007,36.01.19,36.01,36,4518.0,1480.0
30730,36.01.19.2009,36.01.19,36.01,36,2184.0,689.0
30731,36.01.20.2005,36.01.20,36.01,36,1710.0,550.0
30732,36.01.20.2008,36.01.20,36.01,36,4215.0,1346.0
30733,36.01.20.2010,36.01.20,36.01,36,2433.0,842.0
30734,36.01.21.1003,36.01.21,36.01,36,5560.0,1862.0
30735,36.01.21.1004,36.01.21,36.01,36,10503.0,3334.0
30736,36.01.22.2005,36.01.22,36.01,36,2632.0,827.0
30737,36.01.22.2008,36.01.22,36.01,36,4784.0,1496.0
30738,36.01.23.2003,36.01.23,36.01,36,2339.0,809.0
30739,36.01.23.2005,36.01.23,36.01,36,1688.0,627.0
30740,36.01.23.2006,36.01.23,36.01,36,3259.0,1207.0
30741,36.01.23.2008,36.01.23,36.01,36,1831.0,659.0
30742,36.01.24.2018,36.01.24,36.01,36,2265.0,825.0
30743,36.01.24.2014,36.01.24,36.01,36,3208.0,1134.0
30744,36.01.24.2015,36.01.24,36.01,36,3575.0,1272.0
30745,36.01.24.2017,36.01.24,36.01,36,2120.0,743.0
30746,36.01.25.1001,36.01.25,36.01,36,7987.0,2538.0
30747,36.01.25.1003,36.01.25,36.01,36,7706.0,2470.0
30748,36.01.25.1014,36.01.25,36.01,36,7370.0,2360.0
30749,36.01.28.2001,36.01.28,36.01,36,3907.0,1462.0
30750,36.01.26.2002,36.01.26,36.01,36,2487.0,817.0
30751,36.01.26.2003,36.01.26,36.01,36,5196.0,1718.0
30752,36.01.26.2005,36.01.26,36.01,36,5331.0,1860.0
30753,36.01.26.2007,36.01.26,36.01,36,1956.0,667.0
30754,36.01.27.2004,36.01.27,36.01,36,3077.0,1084.0
30755,36.01.27.2008,36.01.27,36.01,36,1501.0,511.0
30756,36.01.27.2009,36.01.27,36.01,36,1613.0,603.0
30757,36.01.28.2008,36.01.28,36.01,36,1921.0,747.0
30758,36.01.28.2009,36.01.28,36.01,36,1538.0,537.0
30759,36.01.29.2001,36.01.29,36.01,36,1748.0,664.0
30760,36.01.33.2001,36.01.33,36.01,36,1758.0,552.0
30761,36.01.29.2010,36.01.29,36.01,36,3303.0,1177.0
30762,36.04.35.2008,36.04.35,36.04,36,3461.0,1073.0
30763,36.01.30.2005,36.01.30,36.01,36,1877.0,640.0
30764,36.01.30.2007,36.01.30,36.01,36,1747.0,589.0
30765,36.01.30.2008,36.01.30,36.01,36,2264.0,738.0
30766,36.01.32.2007,36.01.32,36.01,36,2809.0,862.0
30767,36.01.31.2003,36.01.31,36.01,36,3459.0,1306.0
30768,36.01.31.2005,36.01.31,36.01,36,1780.0,650.0
30769,36.01.31.2007,36.01.31,36.01,36,2099.0,765.0
30770,36.01.31.2008,36.01.31,36.01,36,2175.0,717.0
30771,36.01.32.2004,36.01.32,36.01,36,3027.0,936.0
30772,36.01.33.2003,36.01.33,36.01,36,1238.0,394.0
30773,36.01.33.2006,36.01.33,36.01,36,2089.0,661.0
30774,36.01.33.2010,36.01.33,36.01,36,1537.0,498.0
30775,36.01.33.2011,36.01.33,36.01,36,1290.0,396.0
30776,36.01.33.2012,36.01.33,36.01,36,1175.0,367.0
30777,36.01.34.1001,36.01.34,36.01,36,11855.0,3755.0
30778,36.01.35.2001,36.01.35,36.01,36,5592.0,1998.0
30779,36.02.09.2019,36.02.09,36.02,36,2210.0,767.0
30780,36.01.35.2002,36.01.35,36.01,36,3947.0,1495.0
30781,36.01.35.2004,36.01.35,36.01,36,4350.0,1681.0
30782,36.02.01.2013,36.02.01,36.02,36,4264.0,1395.0
30783,36.02.01.2014,36.02.01,36.02,36,6549.0,2159.0
30784,36.02.01.2018,36.02.01,36.02,36,4051.0,1385.0
30785,36.02.01.2023,36.02.01,36.02,36,5588.0,1790.0
30786,36.02.02.2002,36.02.02,36.02,36,3784.0,1275.0
30787,36.02.02.2009,36.02.02,36.02,36,2698.0,1006.0
30788,36.02.02.2011,36.02.02,36.02,36,4201.0,1484.0
30789,36.02.02.2017,36.02.02,36.02,36,1811.0,604.0
30790,36.02.09.2021,36.02.09,36.02,36,1372.0,474.0
30791,36.02.02.2018,36.02.02,36.02,36,3092.0,1064.0
30792,36.02.02.2019,36.02.02,36.02,36,2271.0,843.0
30793,36.02.03.2001,36.02.03,36.02,36,7373.0,2386.0
30794,36.02.03.2002,36.02.03,36.02,36,4735.0,1551.0
30795,36.02.03.2011,36.02.03,36.02,36,2990.0,1017.0
30796,36.02.03.2013,36.02.03,36.02,36,5354.0,1782.0
30797,36.02.03.2014,36.02.03,36.02,36,2948.0,1123.0
30798,36.02.03.2017,36.02.03,36.02,36,2054.0,695.0
30799,36.02.05.2006,36.02.05,36.02,36,2810.0,839.0
30800,36.02.03.2018,36.02.03,36.02,36,4098.0,1416.0
30801,36.02.04.2009,36.02.04,36.02,36,3702.0,1304.0
30802,36.02.04.2016,36.02.04,36.02,36,3348.0,991.0
30803,36.02.04.2020,36.02.04,36.02,36,2358.0,712.0
30804,36.02.05.2003,36.02.05,36.02,36,2381.0,793.0
30805,36.02.05.2004,36.02.05,36.02,36,3792.0,1175.0
30806,36.02.05.2005,36.02.05,36.02,36,3323.0,1029.0
30807,36.02.05.2007,36.02.05,36.02,36,2670.0,771.0
30808,36.02.05.2008,36.02.05,36.02,36,3142.0,956.0
30809,36.02.05.2012,36.02.05,36.02,36,3183.0,985.0
30810,36.02.05.2019,36.02.05,36.02,36,2650.0,820.0
30811,36.02.06.2004,36.02.06,36.02,36,4517.0,1485.0
30812,36.02.17.2011,36.02.17,36.02,36,2850.0,904.0
30813,36.02.06.2006,36.02.06,36.02,36,3046.0,1046.0
30814,36.02.06.2007,36.02.06,36.02,36,5094.0,1647.0
30815,36.02.06.2009,36.02.06,36.02,36,1842.0,542.0
30816,36.02.06.2010,36.02.06,36.02,36,3945.0,1355.0
30817,36.02.06.2011,36.02.06,36.02,36,3513.0,1139.0
30818,36.02.07.2004,36.02.07,36.02,36,2682.0,926.0
30819,36.02.07.2008,36.02.07,36.02,36,1713.0,595.0
30820,36.02.07.2012,36.02.07,36.02,36,2736.0,968.0
30821,36.02.07.2014,36.02.07,36.02,36,2281.0,845.0
30822,36.02.09.2020,36.02.09,36.02,36,1986.0,653.0
30823,36.02.07.2017,36.02.07,36.02,36,1162.0,408.0
30824,36.02.08.2001,36.02.08,36.02,36,3612.0,1211.0
30825,36.02.08.2002,36.02.08,36.02,36,2426.0,820.0
30826,36.02.08.2004,36.02.08,36.02,36,2635.0,896.0
30827,36.02.08.2005,36.02.08,36.02,36,4428.0,1408.0
30828,36.02.08.2009,36.02.08,36.02,36,2542.0,869.0
30829,36.02.09.2003,36.02.09,36.02,36,3218.0,1121.0
30830,36.02.08.2011,36.02.08,36.02,36,3768.0,1242.0
30831,36.02.08.2012,36.02.08,36.02,36,1999.0,697.0
30832,36.02.09.2001,36.02.09,36.02,36,3542.0,1180.0
30833,36.02.09.2002,36.02.09,36.02,36,2471.0,834.0
30834,36.02.09.2004,36.02.09,36.02,36,2407.0,836.0
30835,36.02.09.2005,36.02.09,36.02,36,4098.0,1361.0
30836,36.02.09.2006,36.02.09,36.02,36,4623.0,1470.0
30837,36.02.09.2009,36.02.09,36.02,36,3569.0,1168.0
30838,36.02.09.2011,36.02.09,36.02,36,2966.0,1039.0
30839,36.02.09.2013,36.02.09,36.02,36,3255.0,1120.0
30840,36.02.09.2014,36.02.09,36.02,36,3136.0,1060.0
30841,36.02.09.2017,36.02.09,36.02,36,3382.0,1133.0
30842,36.02.10.2001,36.02.10,36.02,36,3670.0,1304.0
30843,36.02.10.2003,36.02.10,36.02,36,3455.0,1161.0
30844,36.02.10.2004,36.02.10,36.02,36,4339.0,1453.0
30845,36.02.12.2001,36.02.12,36.02,36,3633.0,1171.0
30846,36.02.10.2012,36.02.10,36.02,36,5947.0,1869.0
30847,36.02.11.2002,36.02.11,36.02,36,4226.0,1338.0
30848,36.02.11.2003,36.02.11,36.02,36,5090.0,1654.0
30849,36.02.12.2002,36.02.12,36.02,36,3211.0,1062.0
30850,36.02.11.2005,36.02.11,36.02,36,4220.0,1367.0
30851,36.02.11.2009,36.02.11,36.02,36,3543.0,1141.0
30852,36.02.11.2010,36.02.11,36.02,36,3471.0,1129.0
30853,36.02.11.2012,36.02.11,36.02,36,3938.0,1213.0
30854,36.71.07.1003,36.71.07,36.71,36,15343.0,5168.0
30855,36.02.11.2013,36.02.11,36.02,36,2542.0,862.0
30856,36.02.11.2014,36.02.11,36.02,36,3757.0,1249.0
30857,36.02.11.2015,36.02.11,36.02,36,3553.0,1158.0
30858,36.02.12.2012,36.02.12,36.02,36,1746.0,586.0
30859,36.02.11.2016,36.02.11,36.02,36,3392.0,987.0
30860,36.02.11.2017,36.02.11,36.02,36,3346.0,1002.0
30861,36.02.12.2003,36.02.12,36.02,36,3029.0,1052.0
30862,36.02.12.2005,36.02.12,36.02,36,4789.0,1500.0
30863,36.02.12.2006,36.02.12,36.02,36,3364.0,1049.0
30864,36.02.12.2009,36.02.12,36.02,36,4435.0,1356.0
30865,36.02.12.2011,36.02.12,36.02,36,3032.0,970.0
30866,36.02.13.2005,36.02.13,36.02,36,3297.0,1102.0
30867,36.02.13.2007,36.02.13,36.02,36,4003.0,1322.0
30868,36.02.13.2008,36.02.13,36.02,36,4264.0,1418.0
30869,36.02.13.2009,36.02.13,36.02,36,2904.0,943.0
30870,36.02.13.2015,36.02.13,36.02,36,5458.0,1877.0
30871,36.02.13.2016,36.02.13,36.02,36,5184.0,1690.0
30872,36.02.13.2020,36.02.13,36.02,36,3528.0,1140.0
30873,36.02.13.2023,36.02.13,36.02,36,3379.0,1053.0
30874,36.02.14.1002,36.02.14,36.02,36,7681.0,2568.0
30875,36.02.14.1006,36.02.14,36.02,36,11842.0,3851.0
30876,36.02.14.1007,36.02.14,36.02,36,9385.0,3206.0
30877,36.02.14.1008,36.02.14,36.02,36,10802.0,3463.0
30878,36.02.14.1012,36.02.14,36.02,36,19891.0,6680.0
30879,36.02.14.2001,36.02.14,36.02,36,5027.0,1540.0
30880,36.02.14.2011,36.02.14,36.02,36,4299.0,1322.0
30881,36.02.14.2016,36.02.14,36.02,36,4832.0,1519.0
30882,36.02.14.2019,36.02.14,36.02,36,4823.0,1503.0
30883,36.02.15.2001,36.02.15,36.02,36,6081.0,1845.0
30884,36.02.15.2006,36.02.15,36.02,36,5633.0,1721.0
30885,36.02.18.2008,36.02.18,36.02,36,3673.0,1200.0
30886,36.02.15.2010,36.02.15,36.02,36,5310.0,1659.0
30887,36.02.15.2011,36.02.15,36.02,36,3734.0,1129.0
30888,36.02.18.2015,36.02.18,36.02,36,3913.0,1185.0
30889,36.02.16.2006,36.02.16,36.02,36,3694.0,1264.0
30890,36.02.17.2012,36.02.17,36.02,36,4184.0,1253.0
30891,36.02.16.2012,36.02.16,36.02,36,2567.0,922.0
30892,36.02.16.2017,36.02.16,36.02,36,1985.0,702.0
30893,36.02.16.2015,36.02.16,36.02,36,1448.0,484.0
30894,36.02.16.2018,36.02.16,36.02,36,2048.0,755.0
30895,36.02.17.2001,36.02.17,36.02,36,3101.0,1012.0
30896,36.02.17.2002,36.02.17,36.02,36,4644.0,1449.0
30897,36.02.17.2006,36.02.17,36.02,36,6276.0,2062.0
30898,36.02.17.2007,36.02.17,36.02,36,4980.0,1585.0
30899,36.02.17.2010,36.02.17,36.02,36,6808.0,2086.0
30900,36.02.18.2002,36.02.18,36.02,36,7558.0,2478.0
30901,36.02.18.2003,36.02.18,36.02,36,3039.0,984.0
30902,36.02.18.2004,36.02.18,36.02,36,5371.0,1797.0
30903,36.02.18.2009,36.02.18,36.02,36,3373.0,985.0
30904,36.02.18.2012,36.02.18,36.02,36,1720.0,554.0
30905,36.02.18.2013,36.02.18,36.02,36,4377.0,1395.0
30906,36.02.19.2001,36.02.19,36.02,36,4046.0,1341.0
30907,36.02.19.2002,36.02.19,36.02,36,3525.0,1300.0
30908,36.02.19.2003,36.02.19,36.02,36,2049.0,749.0
30909,36.02.20.2005,36.02.20,36.02,36,5184.0,1725.0
30910,36.02.19.2005,36.02.19,36.02,36,1775.0,715.0
30911,36.02.19.2008,36.02.19,36.02,36,2464.0,861.0
30912,36.02.19.2010,36.02.19,36.02,36,2391.0,874.0
30913,36.03.11.2013,36.03.11,36.03,36,9962.0,3307.0
30914,36.02.19.2013,36.02.19,36.02,36,1847.0,674.0
30915,36.02.19.2015,36.02.19,36.02,36,1740.0,685.0
30916,36.02.19.2014,36.02.19,36.02,36,2388.0,946.0
30917,36.02.20.2002,36.02.20,36.02,36,2074.0,670.0
30918,36.02.20.2003,36.02.20,36.02,36,3299.0,1200.0
30919,36.02.20.2004,36.02.20,36.02,36,4361.0,1495.0
30920,36.02.21.2002,36.02.21,36.02,36,5021.0,1853.0
30921,36.02.21.2003,36.02.21,36.02,36,2046.0,678.0
30922,36.02.21.2006,36.02.21,36.02,36,3632.0,1259.0
30923,36.02.21.2009,36.02.21,36.02,36,3203.0,1132.0
30924,36.02.21.2011,36.02.21,36.02,36,3425.0,1295.0
30925,36.02.22.2004,36.02.22,36.02,36,2844.0,1068.0
30926,36.02.22.2006,36.02.22,36.02,36,4352.0,1525.0
30927,36.03.01.2010,36.03.01,36.03,36,9888.0,3458.0
30928,36.02.22.2009,36.02.22,36.02,36,1463.0,559.0
30929,36.02.23.2002,36.02.23,36.02,36,3305.0,1090.0
30930,36.02.23.2004,36.02.23,36.02,36,2247.0,725.0
30931,36.02.23.2005,36.02.23,36.02,36,3513.0,1149.0
30932,36.02.23.2007,36.02.23,36.02,36,4980.0,1562.0
30933,36.02.23.2008,36.02.23,36.02,36,3677.0,1233.0
30934,36.02.23.2010,36.02.23,36.02,36,2304.0,752.0
30935,36.02.24.2001,36.02.24,36.02,36,4422.0,1341.0
30936,36.02.24.2003,36.02.24,36.02,36,4947.0,1497.0
30937,36.02.24.2004,36.02.24,36.02,36,6281.0,1988.0
30938,36.02.24.2005,36.02.24,36.02,36,5127.0,1385.0
30939,36.02.25.2001,36.02.25,36.02,36,5420.0,1701.0
30940,36.02.25.2002,36.02.25,36.02,36,3111.0,1114.0
30941,36.02.27.2004,36.02.27,36.02,36,3136.0,1114.0
30942,36.02.25.2004,36.02.25,36.02,36,2143.0,770.0
30943,36.02.25.2005,36.02.25,36.02,36,3171.0,1237.0
30944,36.02.25.2006,36.02.25,36.02,36,2611.0,959.0
30945,36.02.26.2001,36.02.26,36.02,36,3983.0,1379.0
30946,36.02.26.2002,36.02.26,36.02,36,3198.0,1137.0
30947,36.02.26.2003,36.02.26,36.02,36,4452.0,1510.0
30948,36.02.26.2006,36.02.26,36.02,36,2177.0,806.0
30949,36.02.26.2007,36.02.26,36.02,36,3656.0,1319.0
30950,36.02.26.2008,36.02.26,36.02,36,3429.0,1225.0
30951,36.02.27.2005,36.02.27,36.02,36,2933.0,976.0
30952,36.02.27.2006,36.02.27,36.02,36,3696.0,1255.0
30953,36.03.01.2011,36.03.01,36.03,36,11272.0,3790.0
30954,36.02.27.2010,36.02.27,36.02,36,1777.0,666.0
30955,36.02.28.2001,36.02.28,36.02,36,3587.0,1243.0
30956,36.03.01.2003,36.03.01,36.03,36,14802.0,4927.0
30957,36.02.28.2003,36.02.28,36.02,36,1624.0,630.0
30958,36.02.28.2005,36.02.28,36.02,36,2873.0,1081.0
30959,36.02.28.2006,36.02.28,36.02,36,1787.0,718.0
30960,36.02.28.2007,36.02.28,36.02,36,2134.0,914.0
30961,36.02.28.2008,36.02.28,36.02,36,1790.0,722.0
30962,36.03.01.2014,36.03.01,36.03,36,29256.0,9461.0
30963,36.03.01.2016,36.03.01,36.03,36,6249.0,2150.0
30964,36.03.02.2001,36.03.02,36.03,36,5482.0,1946.0
30965,36.03.02.2002,36.03.02,36.03,36,6079.0,2200.0
30966,36.03.02.2005,36.03.02,36.03,36,8152.0,2843.0
30967,36.03.02.2006,36.03.02,36.03,36,10004.0,3389.0
30968,36.03.02.2007,36.03.02,36.03,36,6731.0,2297.0
30969,36.03.02.2008,36.03.02,36.03,36,11309.0,3717.0
30970,36.03.02.2009,36.03.02,36.03,36,4586.0,1608.0
30971,36.03.03.1007,36.03.03,36.03,36,7257.0,2425.0
30972,36.03.03.2003,36.03.03,36.03,36,10346.0,3363.0
30973,36.03.03.2004,36.03.03,36.03,36,22573.0,7185.0
30974,36.03.03.2012,36.03.03,36.03,36,9127.0,3040.0
30975,36.03.03.2013,36.03.03,36.03,36,7899.0,2641.0
30976,36.03.04.2002,36.03.04,36.03,36,5959.0,1966.0
30977,36.03.04.2007,36.03.04,36.03,36,3491.0,1167.0
30978,36.03.04.2008,36.03.04,36.03,36,3443.0,1132.0
30979,36.03.04.2009,36.03.04,36.03,36,2659.0,913.0
30980,36.03.05.2001,36.03.05,36.03,36,8591.0,2913.0
30981,36.03.05.2004,36.03.05,36.03,36,9926.0,3144.0
30982,36.03.05.2006,36.03.05,36.03,36,6426.0,2217.0
30983,36.03.05.2007,36.03.05,36.03,36,7957.0,2651.0
30984,36.03.05.2009,36.03.05,36.03,36,6087.0,2117.0
30985,36.03.05.2014,36.03.05,36.03,36,5314.0,1772.0
30986,36.03.06.2003,36.03.06,36.03,36,6238.0,2385.0
30987,36.03.06.2007,36.03.06,36.03,36,8686.0,3224.0
30988,36.03.06.2011,36.03.06,36.03,36,6246.0,2128.0
30989,36.03.06.2013,36.03.06,36.03,36,4172.0,1517.0
30990,36.03.06.2014,36.03.06,36.03,36,5897.0,2146.0
30991,36.03.32.2005,36.03.32,36.03,36,4261.0,1530.0
30992,36.03.07.2001,36.03.07,36.03,36,6728.0,2646.0
30993,36.03.07.2002,36.03.07,36.03,36,5473.0,2225.0
30994,36.03.07.2006,36.03.07,36.03,36,3727.0,1588.0
30995,36.03.07.2007,36.03.07,36.03,36,4649.0,1913.0
30996,36.03.33.2003,36.03.33,36.03,36,4856.0,1818.0
30997,36.03.07.2008,36.03.07,36.03,36,5613.0,2331.0
30998,36.03.07.2009,36.03.07,36.03,36,4906.0,1992.0
30999,36.03.07.2010,36.03.07,36.03,36,5708.0,2359.0
31000,36.03.07.2013,36.03.07,36.03,36,6819.0,2876.0
31001,36.03.07.2017,36.03.07,36.03,36,3588.0,1576.0
31002,36.03.08.1002,36.03.08,36.03,36,5570.0,1838.0
31003,36.03.08.2001,36.03.08,36.03,36,5984.0,2061.0
31004,36.03.08.2003,36.03.08,36.03,36,8826.0,2825.0
31005,36.03.08.2008,36.03.08,36.03,36,7304.0,2465.0
31006,36.03.09.2003,36.03.09,36.03,36,5775.0,1972.0
31007,36.03.09.2007,36.03.09,36.03,36,4016.0,1412.0
31008,36.03.10.2001,36.03.10,36.03,36,5313.0,1832.0
31009,36.03.10.2008,36.03.10,36.03,36,8550.0,2952.0
31010,36.03.10.2003,36.03.10,36.03,36,5346.0,1974.0
31011,36.03.10.2004,36.03.10,36.03,36,10265.0,3595.0
31012,36.03.10.2005,36.03.10,36.03,36,6804.0,2263.0
31013,36.03.10.2006,36.03.10,36.03,36,8210.0,2907.0
31014,36.03.10.2007,36.03.10,36.03,36,5280.0,1853.0
31015,36.03.11.2003,36.03.11,36.03,36,9010.0,3105.0
31016,36.03.11.2006,36.03.11,36.03,36,7790.0,2572.0
31017,36.03.11.2008,36.03.11,36.03,36,6916.0,2321.0
31018,36.03.11.2011,36.03.11,36.03,36,8680.0,2982.0
31019,36.03.11.2012,36.03.11,36.03,36,5534.0,1861.0
31020,36.03.12.1005,36.03.12,36.03,36,29797.0,9546.0
31021,36.03.12.1010,36.03.12,36.03,36,39274.0,12328.0
31022,36.03.12.2001,36.03.12,36.03,36,20109.0,7007.0
31023,36.03.14.1001,36.03.14,36.03,36,4618.0,1559.0
31024,36.03.12.2008,36.03.12,36.03,36,27837.0,9024.0
31025,36.03.12.2011,36.03.12,36.03,36,12165.0,4105.0
31026,36.03.12.2013,36.03.12,36.03,36,34530.0,11039.0
31027,36.03.12.2015,36.03.12,36.03,36,13549.0,4759.0
31028,36.03.13.2001,36.03.13,36.03,36,12623.0,4350.0
31029,36.03.13.2002,36.03.13,36.03,36,12577.0,4263.0
31030,36.03.13.2004,36.03.13,36.03,36,12499.0,4326.0
31031,36.03.13.2008,36.03.13,36.03,36,3473.0,1243.0
31032,36.03.13.2009,36.03.13,36.03,36,6104.0,2199.0
31033,36.03.13.2011,36.03.13,36.03,36,8973.0,3152.0
31034,36.03.13.2012,36.03.13,36.03,36,6654.0,2386.0
31035,36.03.14.1010,36.03.14,36.03,36,18517.0,6353.0
31036,36.03.14.2002,36.03.14,36.03,36,9695.0,3307.0
31037,36.03.14.2007,36.03.14,36.03,36,11129.0,3802.0
31038,36.03.15.1001,36.03.15,36.03,36,10014.0,3488.0
31039,36.03.15.2005,36.03.15,36.03,36,4238.0,1477.0
31040,36.03.15.2009,36.03.15,36.03,36,6836.0,2424.0
31041,36.03.15.2010,36.03.15,36.03,36,7630.0,2576.0
31042,36.03.22.2012,36.03.22,36.03,36,5133.0,1659.0
31043,36.03.16.2004,36.03.16,36.03,36,6311.0,2325.0
31044,36.03.16.2011,36.03.16,36.03,36,16099.0,5319.0
31045,36.03.17.1001,36.03.17,36.03,36,17012.0,5880.0
31046,36.03.17.2010,36.03.17,36.03,36,12322.0,4240.0
31047,36.03.18.1003,36.03.18,36.03,36,11213.0,3969.0
31048,36.04.22.2014,36.04.22,36.04,36,3598.0,1091.0
31049,36.03.18.2004,36.03.18,36.03,36,14170.0,5016.0
31050,36.03.18.2006,36.03.18,36.03,36,13080.0,4313.0
31051,36.03.18.2007,36.03.18,36.03,36,15014.0,5168.0
31052,36.03.18.2008,36.03.18,36.03,36,8882.0,3226.0
31053,36.03.18.2009,36.03.18,36.03,36,10890.0,3836.0
31054,36.03.18.2011,36.03.18,36.03,36,14343.0,5038.0
31055,36.03.18.2012,36.03.18,36.03,36,19235.0,6164.0
31056,36.03.20.2002,36.03.20,36.03,36,9624.0,3187.0
31057,36.03.19.1002,36.03.19,36.03,36,20756.0,6494.0
31058,36.03.28.1004,36.03.28,36.03,36,18356.0,5913.0
31059,36.03.19.2001,36.03.19,36.03,36,11264.0,3849.0
31060,36.03.19.2005,36.03.19,36.03,36,8951.0,2994.0
31061,36.03.32.2001,36.03.32,36.03,36,4624.0,1673.0
31062,36.03.20.2003,36.03.20,36.03,36,13659.0,4488.0
31063,36.03.20.2004,36.03.20,36.03,36,7219.0,2343.0
31064,36.03.20.2008,36.03.20,36.03,36,6337.0,2105.0
31065,36.03.20.2010,36.03.20,36.03,36,7395.0,2469.0
31066,36.03.20.2012,36.03.20,36.03,36,6326.0,2078.0
31067,36.03.22.2003,36.03.22,36.03,36,10549.0,3371.0
31068,36.03.22.2005,36.03.22,36.03,36,6072.0,2084.0
31069,36.04.23.2012,36.04.23,36.04,36,2596.0,804.0
31070,36.03.22.2008,36.03.22,36.03,36,7537.0,2523.0
31071,36.03.22.2009,36.03.22,36.03,36,5431.0,1873.0
31072,36.03.22.2010,36.03.22,36.03,36,7123.0,2369.0
31073,36.03.23.1001,36.03.23,36.03,36,14149.0,4726.0
31074,36.03.23.2006,36.03.23,36.03,36,6888.0,2430.0
31075,36.03.23.2011,36.03.23,36.03,36,14624.0,4890.0
31076,36.71.07.1004,36.71.07,36.71,36,15191.0,5240.0
31077,36.03.27.2001,36.03.27,36.03,36,5946.0,2042.0
31078,36.03.27.2002,36.03.27,36.03,36,8213.0,2780.0
31079,36.03.27.2004,36.03.27,36.03,36,4965.0,1745.0
31080,36.03.27.2005,36.03.27,36.03,36,12687.0,3971.0
31081,36.03.27.2006,36.03.27,36.03,36,7721.0,2596.0
31082,36.03.32.2002,36.03.32,36.03,36,4603.0,1698.0
31083,36.03.27.2007,36.03.27,36.03,36,7675.0,2602.0
31084,36.03.28.1002,36.03.28,36.03,36,38841.0,12780.0
31085,36.03.32.2003,36.03.32,36.03,36,5730.0,2144.0
31086,36.03.29.2003,36.03.29,36.03,36,14344.0,4727.0
31087,36.03.29.2005,36.03.29,36.03,36,14146.0,4654.0
31088,36.03.29.2006,36.03.29,36.03,36,11227.0,3615.0
31089,36.03.30.2002,36.03.30,36.03,36,23158.0,7755.0
31090,36.03.30.2003,36.03.30,36.03,36,7915.0,2620.0
31091,36.03.30.2005,36.03.30,36.03,36,13084.0,4486.0
31092,36.03.30.2006,36.03.30,36.03,36,7881.0,2725.0
31093,36.03.30.2008,36.03.30,36.03,36,8271.0,2756.0
31094,36.03.31.2001,36.03.31,36.03,36,9101.0,2957.0
31095,36.03.31.2003,36.03.31,36.03,36,19747.0,6286.0
31096,36.03.31.2004,36.03.31,36.03,36,4696.0,1541.0
31097,36.03.31.2007,36.03.31,36.03,36,9281.0,2959.0
31098,36.03.32.2007,36.03.32,36.03,36,7377.0,2680.0
31099,36.03.32.2008,36.03.32,36.03,36,4422.0,1529.0
31100,36.03.32.2009,36.03.32,36.03,36,4502.0,1611.0
31101,36.03.33.2001,36.03.33,36.03,36,3614.0,1338.0
31102,36.03.33.2005,36.03.33,36.03,36,2700.0,960.0
31103,36.03.33.2006,36.03.33,36.03,36,5362.0,1957.0
31104,36.03.33.2008,36.03.33,36.03,36,4820.0,1727.0
31105,36.04.05.2002,36.04.05,36.04,36,4789.0,1507.0
31106,36.04.05.2005,36.04.05,36.04,36,11544.0,3436.0
31107,36.04.06.2011,36.04.06,36.04,36,2956.0,924.0
31108,36.04.05.2010,36.04.05,36.04,36,5170.0,1565.0
31109,36.04.05.2012,36.04.05,36.04,36,4563.0,1415.0
31110,36.04.05.2013,36.04.05,36.04,36,8227.0,2301.0
31111,36.04.05.2014,36.04.05,36.04,36,1728.0,543.0
31112,36.04.06.2006,36.04.06,36.04,36,7155.0,2237.0
31113,36.04.06.2008,36.04.06,36.04,36,4282.0,1304.0
31114,36.04.06.2009,36.04.06,36.04,36,2060.0,635.0
31115,36.04.06.2010,36.04.06,36.04,36,1909.0,598.0
31116,36.04.07.2001,36.04.07,36.04,36,5335.0,1705.0
31117,36.04.07.2003,36.04.07,36.04,36,2896.0,947.0
31118,36.04.07.2004,36.04.07,36.04,36,5055.0,1660.0
31119,36.04.07.2005,36.04.07,36.04,36,4319.0,1440.0
31120,36.04.07.2006,36.04.07,36.04,36,5005.0,1581.0
31121,36.04.09.2003,36.04.09,36.04,36,5834.0,1957.0
31122,36.04.07.2007,36.04.07,36.04,36,6193.0,2022.0
31123,36.04.08.2001,36.04.08,36.04,36,2623.0,870.0
31124,36.04.08.2002,36.04.08,36.04,36,4627.0,1483.0
31125,36.04.08.2006,36.04.08,36.04,36,7045.0,2407.0
31126,36.04.08.2008,36.04.08,36.04,36,3829.0,1243.0
31127,36.04.09.2001,36.04.09,36.04,36,2321.0,786.0
31128,36.04.09.2002,36.04.09,36.04,36,6196.0,2003.0
31129,36.04.09.2006,36.04.09,36.04,36,2213.0,736.0
31130,36.04.09.2009,36.04.09,36.04,36,4160.0,1478.0
31131,36.04.09.2010,36.04.09,36.04,36,3586.0,1191.0
31132,36.04.09.2013,36.04.09,36.04,36,3863.0,1301.0
31133,36.04.09.2014,36.04.09,36.04,36,13969.0,4226.0
31134,36.04.09.2015,36.04.09,36.04,36,3731.0,1311.0
31135,36.04.09.2016,36.04.09,36.04,36,4100.0,1334.0
31136,36.04.11.2001,36.04.11,36.04,36,9576.0,3151.0
31137,36.04.11.2002,36.04.11,36.04,36,5215.0,1764.0
31138,36.04.11.2006,36.04.11,36.04,36,5232.0,1751.0
31139,36.04.11.2011,36.04.11,36.04,36,11701.0,3615.0
31140,36.04.11.2013,36.04.11,36.04,36,8555.0,2675.0
31141,36.04.12.2004,36.04.12,36.04,36,4084.0,1517.0
31142,36.04.12.2006,36.04.12,36.04,36,3568.0,1177.0
31143,36.04.12.2008,36.04.12,36.04,36,5041.0,1721.0
31144,36.04.14.2003,36.04.14,36.04,36,4160.0,1465.0
31145,36.04.12.2009,36.04.12,36.04,36,4582.0,1558.0
31146,36.04.14.2004,36.04.14,36.04,36,2895.0,956.0
31147,36.04.13.2001,36.04.13,36.04,36,3733.0,1181.0
31148,36.04.13.2002,36.04.13,36.04,36,2809.0,934.0
31149,36.04.13.2003,36.04.13,36.04,36,2577.0,798.0
31150,36.04.13.2005,36.04.13,36.04,36,2978.0,1087.0
31151,36.04.13.2008,36.04.13,36.04,36,3927.0,1292.0
31152,36.04.13.2011,36.04.13,36.04,36,2727.0,881.0
31153,36.04.13.2012,36.04.13,36.04,36,2755.0,965.0
31154,36.04.13.2014,36.04.13,36.04,36,2804.0,908.0
31155,36.04.14.2002,36.04.14,36.04,36,4588.0,1478.0
31156,36.04.14.2005,36.04.14,36.04,36,6147.0,2053.0
31157,36.04.14.2006,36.04.14,36.04,36,3653.0,1171.0
31158,36.04.15.2002,36.04.15,36.04,36,7038.0,2352.0
31159,36.04.15.2006,36.04.15,36.04,36,5820.0,1911.0
31160,36.04.15.2007,36.04.15,36.04,36,6813.0,2341.0
31161,36.04.15.2012,36.04.15,36.04,36,4083.0,1367.0
31162,36.04.16.2002,36.04.16,36.04,36,3748.0,1225.0
31163,36.04.16.2004,36.04.16,36.04,36,5897.0,2064.0
31164,36.04.16.2005,36.04.16,36.04,36,7559.0,2602.0
31165,36.04.16.2009,36.04.16,36.04,36,6755.0,2210.0
31166,36.04.17.2002,36.04.17,36.04,36,4052.0,1370.0
31167,36.04.17.2003,36.04.17,36.04,36,4866.0,1581.0
31168,36.04.17.2006,36.04.17,36.04,36,5759.0,1949.0
31169,36.04.17.2007,36.04.17,36.04,36,4590.0,1603.0
31170,36.71.07.1005,36.71.07,36.71,36,18803.0,6442.0
31171,36.04.18.2004,36.04.18,36.04,36,6534.0,2212.0
31172,36.04.18.2006,36.04.18,36.04,36,3851.0,1300.0
31173,36.04.19.2001,36.04.19,36.04,36,5435.0,1743.0
31174,36.04.19.2008,36.04.19,36.04,36,3472.0,1138.0
31175,36.04.19.2003,36.04.19,36.04,36,7212.0,2367.0
31176,36.04.19.2005,36.04.19,36.04,36,2634.0,874.0
31177,36.04.19.2006,36.04.19,36.04,36,3765.0,1188.0
31178,36.04.19.2007,36.04.19,36.04,36,4326.0,1429.0
31179,36.04.19.2011,36.04.19,36.04,36,2376.0,762.0
31180,36.04.19.2012,36.04.19,36.04,36,4590.0,1531.0
31181,36.04.27.2007,36.04.27,36.04,36,4718.0,1418.0
31182,36.04.20.2002,36.04.20,36.04,36,6208.0,2044.0
31183,36.04.20.2007,36.04.20,36.04,36,4892.0,1604.0
31184,36.04.20.2004,36.04.20,36.04,36,7088.0,2290.0
31185,36.04.20.2005,36.04.20,36.04,36,3718.0,1252.0
31186,36.04.22.2001,36.04.22,36.04,36,5800.0,1793.0
31187,36.04.22.2002,36.04.22,36.04,36,3489.0,1075.0
31188,36.04.22.2008,36.04.22,36.04,36,3410.0,1018.0
31189,36.04.22.2009,36.04.22,36.04,36,5547.0,1768.0
31190,36.04.22.2011,36.04.22,36.04,36,2714.0,818.0
31191,36.04.22.2012,36.04.22,36.04,36,2794.0,859.0
31192,36.04.22.2013,36.04.22,36.04,36,2251.0,681.0
31193,36.04.23.2001,36.04.23,36.04,36,5567.0,1877.0
31194,36.04.23.2003,36.04.23,36.04,36,2858.0,1003.0
31195,36.04.23.2004,36.04.23,36.04,36,4151.0,1373.0
31196,36.04.23.2009,36.04.23,36.04,36,5216.0,1816.0
31197,36.04.23.2011,36.04.23,36.04,36,3570.0,1206.0
31198,36.04.23.2013,36.04.23,36.04,36,4054.0,1358.0
31199,36.04.23.2015,36.04.23,36.04,36,5941.0,1938.0
31200,36.04.23.2017,36.04.23,36.04,36,3506.0,1138.0
31201,36.04.24.2003,36.04.24,36.04,36,6402.0,2109.0
31202,36.04.24.2005,36.04.24,36.04,36,4902.0,1641.0
31203,36.04.24.2006,36.04.24,36.04,36,3963.0,1328.0
31204,36.04.24.2007,36.04.24,36.04,36,6534.0,2172.0
31205,36.04.24.2008,36.04.24,36.04,36,6405.0,2230.0
31206,36.04.24.2010,36.04.24,36.04,36,6554.0,2162.0
31207,36.04.25.2001,36.04.25,36.04,36,3310.0,1043.0
31208,36.04.25.2003,36.04.25,36.04,36,7616.0,2372.0
31209,36.04.25.2006,36.04.25,36.04,36,6564.0,2099.0
31210,36.04.25.2007,36.04.25,36.04,36,3998.0,1337.0
31211,36.04.25.2008,36.04.25,36.04,36,5129.0,1644.0
31212,36.71.07.1006,36.71.07,36.71,36,14614.0,4980.0
31213,36.04.25.2010,36.04.25,36.04,36,4104.0,1332.0
31214,36.04.26.2006,36.04.26,36.04,36,7559.0,2416.0
31215,36.04.27.2002,36.04.27,36.04,36,2689.0,912.0
31216,36.04.27.2004,36.04.27,36.04,36,3925.0,1205.0
31217,36.04.27.2005,36.04.27,36.04,36,2903.0,918.0
31218,36.04.27.2006,36.04.27,36.04,36,3653.0,1103.0
31219,36.71.07.1007,36.71.07,36.71,36,10760.0,3636.0
31220,36.04.27.2008,36.04.27,36.04,36,2873.0,889.0
31221,36.04.27.2010,36.04.27,36.04,36,2567.0,791.0
31222,36.04.28.2001,36.04.28,36.04,36,6322.0,1896.0
31223,36.71.07.1008,36.71.07,36.71,36,5826.0,1959.0
31224,36.04.28.2013,36.04.28,36.04,36,3338.0,1049.0
31225,36.04.29.2002,36.04.29,36.04,36,4585.0,1585.0
31226,36.04.30.2011,36.04.30,36.04,36,3739.0,1288.0
31227,36.04.29.2008,36.04.29,36.04,36,7031.0,2230.0
31228,36.04.29.2011,36.04.29,36.04,36,5055.0,1774.0
31229,36.04.30.2001,36.04.30,36.04,36,7682.0,2526.0
31230,36.04.30.2003,36.04.30,36.04,36,5751.0,1848.0
31231,36.04.30.2004,36.04.30,36.04,36,2806.0,938.0
31232,36.04.30.2006,36.04.30,36.04,36,3912.0,1324.0
31233,36.04.30.2009,36.04.30,36.04,36,5979.0,1874.0
31234,36.04.30.2010,36.04.30,36.04,36,3523.0,1203.0
31235,36.04.30.2012,36.04.30,36.04,36,3552.0,1112.0
31236,36.04.31.2003,36.04.31,36.04,36,2705.0,938.0
31237,36.04.31.2004,36.04.31,36.04,36,3587.0,1275.0
31238,36.04.31.2011,36.04.31,36.04,36,6888.0,2208.0
31239,36.04.31.2013,36.04.31,36.04,36,2554.0,859.0
31240,36.04.31.2014,36.04.31,36.04,36,1188.0,405.0
31241,36.04.32.2002,36.04.32,36.04,36,3190.0,1023.0
31242,36.04.32.2004,36.04.32,36.04,36,3282.0,958.0
31243,36.04.32.2005,36.04.32,36.04,36,1564.0,519.0
31244,36.04.32.2007,36.04.32,36.04,36,2887.0,880.0
31245,36.04.32.2008,36.04.32,36.04,36,2385.0,755.0
31246,36.04.32.2009,36.04.32,36.04,36,2491.0,807.0
31247,36.04.32.2010,36.04.32,36.04,36,2415.0,781.0
31248,36.04.32.2011,36.04.32,36.04,36,5625.0,1846.0
31249,36.04.32.2013,36.04.32,36.04,36,2010.0,612.0
31250,36.04.33.2001,36.04.33,36.04,36,4002.0,1222.0
31251,36.04.33.2005,36.04.33,36.04,36,3308.0,1002.0
31252,36.04.34.2003,36.04.34,36.04,36,4798.0,1508.0
31253,36.04.34.2007,36.04.34,36.04,36,3001.0,996.0
31254,36.04.35.2001,36.04.35,36.04,36,3031.0,1044.0
31255,36.04.35.2004,36.04.35,36.04,36,2312.0,833.0
31256,36.04.35.2005,36.04.35,36.04,36,2839.0,975.0
31257,36.04.35.2006,36.04.35,36.04,36,3270.0,1098.0
31258,36.04.35.2007,36.04.35,36.04,36,4764.0,1546.0
31259,36.04.35.2009,36.04.35,36.04,36,4799.0,1642.0
31260,36.04.35.2010,36.04.35,36.04,36,4260.0,1515.0
31261,36.71.01.1001,36.71.01,36.71,36,6688.0,2360.0
31262,36.71.01.1002,36.71.01,36.71,36,5505.0,1856.0
31263,36.71.01.1005,36.71.01,36.71,36,28740.0,9484.0
31264,36.71.01.1006,36.71.01,36.71,36,10904.0,3533.0
31265,36.71.01.1008,36.71.01,36.71,36,17902.0,5840.0
31266,36.71.02.1004,36.71.02,36.71,36,22316.0,7570.0
31267,36.71.02.1005,36.71.02,36.71,36,14706.0,5108.0
31268,36.71.02.1006,36.71.02,36.71,36,18869.0,6665.0
31269,36.71.03.1001,36.71.03,36.71,36,13769.0,4668.0
31270,36.71.03.1004,36.71.03,36.71,36,10574.0,3509.0
31271,36.71.03.1006,36.71.03,36.71,36,16405.0,5345.0
31272,36.71.03.1007,36.71.03,36.71,36,9373.0,2954.0
31273,36.71.04.1001,36.71.04,36.71,36,20682.0,6703.0
31274,36.71.04.1002,36.71.04,36.71,36,17606.0,5752.0
31275,36.71.04.1004,36.71.04,36.71,36,7330.0,2384.0
31276,36.71.05.1003,36.71.05,36.71,36,23099.0,7463.0
31277,36.71.05.1004,36.71.05,36.71,36,18853.0,5974.0
31278,36.71.05.1005,36.71.05,36.71,36,14246.0,4392.0
31279,36.71.05.1007,36.71.05,36.71,36,13302.0,4365.0
31280,36.71.05.1009,36.71.05,36.71,36,20916.0,6741.0
31281,36.71.06.1001,36.71.06,36.71,36,18176.0,5711.0
31282,36.71.06.1002,36.71.06,36.71,36,18011.0,5782.0
31283,36.71.06.1003,36.71.06,36.71,36,11681.0,3986.0
31284,36.71.06.1004,36.71.06,36.71,36,16664.0,5333.0
31285,36.71.07.1002,36.71.07,36.71,36,8555.0,2856.0
31286,36.71.07.1013,36.71.07,36.71,36,10807.0,3718.0
31287,36.71.07.1014,36.71.07,36.71,36,8561.0,2969.0
31288,36.71.07.1016,36.71.07,36.71,36,8968.0,2943.0
31289,36.71.08.1001,36.71.08,36.71,36,23535.0,7597.0
31290,36.71.08.1002,36.71.08,36.71,36,30103.0,9769.0
31291,36.71.08.1003,36.71.08,36.71,36,38835.0,12578.0
31292,36.71.09.1003,36.71.09,36.71,36,19006.0,6127.0
31293,36.71.09.1004,36.71.09,36.71,36,20676.0,6981.0
31294,36.71.10.1003,36.71.10,36.71,36,17010.0,5688.0
31295,36.71.10.1004,36.71.10,36.71,36,17627.0,5733.0
31296,36.71.10.1006,36.71.10,36.71,36,14296.0,4711.0
31297,36.71.11.1001,36.71.11,36.71,36,19730.0,6416.0
31298,36.71.11.1002,36.71.11,36.71,36,17369.0,5673.0
31299,36.71.11.1003,36.71.11,36.71,36,16129.0,5207.0
31300,36.71.11.1005,36.71.11,36.71,36,32070.0,10391.0
31301,36.71.11.1006,36.71.11,36.71,36,8854.0,2991.0
31302,36.71.11.1007,36.71.11,36.71,36,14500.0,4810.0
31303,36.71.11.1010,36.71.11,36.71,36,22588.0,7488.0
31304,36.71.12.1006,36.71.12,36.71,36,18854.0,6180.0
31305,36.71.12.1005,36.71.12,36.71,36,16541.0,5517.0
31306,36.71.13.1001,36.71.13,36.71,36,22896.0,7630.0
31307,36.71.13.1002,36.71.13,36.71,36,18262.0,5851.0
31308,36.71.13.1003,36.71.13,36.71,36,18725.0,6198.0
31309,36.71.13.1004,36.71.13,36.71,36,14396.0,4876.0
31310,36.71.13.1008,36.71.13,36.71,36,16101.0,5446.0
31311,36.72.01.1001,36.72.01,36.72,36,20735.0,5883.0
31312,36.72.01.1004,36.72.01,36.72,36,3537.0,1056.0
31313,36.72.01.1005,36.72.01,36.72,36,9691.0,2926.0
31314,36.72.02.1001,36.72.02,36.72,36,4503.0,1446.0
31315,36.72.02.1002,36.72.02,36.72,36,12199.0,3591.0
31316,36.72.02.1003,36.72.02,36.72,36,9773.0,2963.0
31317,36.72.03.1001,36.72.03,36.72,36,15634.0,5218.0
31318,36.72.03.1002,36.72.03,36.72,36,13194.0,4261.0
31319,36.72.04.1002,36.72.04,36.72,36,10517.0,3243.0
31320,36.72.04.1005,36.72.04,36.72,36,7796.0,2531.0
31321,36.72.04.1006,36.72.04,36.72,36,8480.0,2631.0
31322,36.72.05.1002,36.72.05,36.72,36,21635.0,6837.0
31323,36.72.06.1001,36.72.06,36.72,36,8584.0,2627.0
31324,36.72.06.1003,36.72.06,36.72,36,15267.0,4767.0
31325,36.72.07.1005,36.72.07,36.72,36,4964.0,1574.0
31326,36.72.07.1001,36.72.07,36.72,36,2297.0,782.0
31327,36.72.07.1003,36.72.07,36.72,36,14695.0,4580.0
31328,36.72.07.1004,36.72.07,36.72,36,6459.0,2066.0
31329,36.72.07.1006,36.72.07,36.72,36,3586.0,1217.0
31330,36.72.08.1005,36.72.08,36.72,36,12124.0,3704.0
31331,36.72.08.1006,36.72.08,36.72,36,9603.0,2852.0
31332,36.72.08.1007,36.72.08,36.72,36,16405.0,5120.0
31333,36.73.01.1003,36.73.01,36.73,36,20874.0,6524.0
31334,36.73.01.1005,36.73.01,36.73,36,16005.0,5058.0
31335,36.73.01.1006,36.73.01,36.73,36,24006.0,7579.0
31336,36.73.01.1008,36.73.01,36.73,36,5137.0,1510.0
31337,36.73.01.1012,36.73.01,36.73,36,14964.0,4607.0
31338,36.73.02.1003,36.73.02,36.73,36,8258.0,2504.0
31339,36.73.02.1004,36.73.02,36.73,36,9849.0,2842.0
31340,36.73.02.1006,36.73.02,36.73,36,6846.0,2101.0
31341,36.73.02.1009,36.73.02,36.73,36,7598.0,2333.0
31342,36.73.03.1001,36.73.03,36.73,36,3834.0,1220.0
31343,36.73.03.1008,36.73.03,36.73,36,7034.0,2143.0
31344,36.73.03.1009,36.73.03,36.73,36,6215.0,1902.0
31345,36.73.03.1010,36.73.03,36.73,36,12928.0,3945.0
31346,36.73.03.1012,36.73.03,36.73,36,4302.0,1426.0
31347,36.73.03.1014,36.73.03,36.73,36,11512.0,3391.0
31348,36.73.04.1001,36.73.04,36.73,36,4340.0,1306.0
31349,36.73.04.1002,36.73.04,36.73,36,5663.0,1763.0
31350,36.73.04.1003,36.73.04,36.73,36,7625.0,2203.0
31351,36.73.04.1005,36.73.04,36.73,36,8549.0,2494.0
31352,36.73.04.1006,36.73.04,36.73,36,5063.0,1525.0
31353,36.73.04.1009,36.73.04,36.73,36,4765.0,1567.0
31354,36.73.04.1010,36.73.04,36.73,36,4321.0,1276.0
31355,36.73.05.1007,36.73.05,36.73,36,7384.0,2031.0
31356,36.73.05.1003,36.73.05,36.73,36,12711.0,3868.0
31357,36.73.05.1004,36.73.05,36.73,36,13654.0,3941.0
31358,36.73.05.1006,36.73.05,36.73,36,7367.0,2137.0
31359,36.73.05.1008,36.73.05,36.73,36,7897.0,2323.0
31360,36.73.06.1001,36.73.06,36.73,36,8123.0,2376.0
31361,36.73.06.1002,36.73.06,36.73,36,6065.0,1791.0
31362,36.73.06.1003,36.73.06,36.73,36,4941.0,1480.0
31363,36.73.06.1005,36.73.06,36.73,36,3711.0,1063.0
31364,36.73.06.1007,36.73.06,36.73,36,7806.0,2311.0
31365,36.73.06.1008,36.73.06,36.73,36,19222.0,5659.0
31366,36.73.06.1009,36.73.06,36.73,36,4741.0,1417.0
31367,36.74.04.1004,36.74.04,36.74,36,29752.0,9379.0
31368,36.73.06.1010,36.73.06,36.73,36,10311.0,3016.0
31369,36.73.06.1012,36.73.06,36.73,36,7088.0,2326.0
31370,36.74.01.1004,36.74.01,36.74,36,11055.0,3575.0
31371,36.74.01.1005,36.74.01,36.74,36,9192.0,3014.0
31372,36.74.01.1009,36.74.01,36.74,36,19840.0,6303.0
31373,36.74.02.1001,36.74.02,36.74,36,12712.0,4447.0
31374,36.74.02.1003,36.74.02,36.74,36,25083.0,7774.0
31375,36.74.03.1002,36.74.03,36.74,36,25396.0,8100.0
31376,36.74.03.1004,36.74.03,36.74,36,10111.0,3232.0
31377,36.74.03.1005,36.74.03,36.74,36,28633.0,8920.0
31378,36.74.03.1006,36.74.03,36.74,36,21514.0,6657.0
31379,36.74.03.1007,36.74.03,36.74,36,35003.0,10841.0
31380,36.74.03.1009,36.74.03,36.74,36,11421.0,3664.0
31381,36.74.03.1010,36.74.03,36.74,36,35146.0,11159.0
31382,36.74.04.1001,36.74.04,36.74,36,26295.0,8354.0
31383,36.74.04.1002,36.74.04,36.74,36,37492.0,11766.0
31384,36.74.04.1007,36.74.04,36.74,36,24598.0,7791.0
31385,36.74.05.1001,36.74.05,36.74,36,24733.0,8057.0
31386,36.74.05.1002,36.74.05,36.74,36,27638.0,8773.0
31387,36.74.05.1006,36.74.05,36.74,36,23141.0,7590.0
31388,36.74.06.1004,36.74.06,36.74,36,19494.0,6386.0
31389,36.74.06.1005,36.74.06,36.74,36,33779.0,10958.0
31390,36.74.06.1006,36.74.06,36.74,36,48039.0,15185.0
31391,36.74.06.1007,36.74.06,36.74,36,25596.0,7943.0
31392,36.74.06.1008,36.74.06,36.74,36,28950.0,9294.0
31393,36.74.07.1003,36.74.07,36.74,36,7182.0,2383.0
31394,36.74.07.1004,36.74.07,36.74,36,21557.0,6606.0
